season,week,kickoff_iso_utc,game_key,source_uid,home_team_raw,home_team_norm,away_team_raw,away_team_norm,spread_home_relative,total,moneyline_home,moneyline_away,odds_source,is_closing,snapshot_at,home_pr,home_pr_rank,away_pr,away_pr_rank,home_sos,away_sos,home_sos_rank,away_sos_rank,hfa,rating_diff,rating_vs_odds,favored_side,spread_favored_team,rating_diff_favored_team,rating_vs_odds_favored_team,home_pf_pg,home_pa_pg,home_ry_pg,home_py_pg,home_ty_pg,home_ry_allowed_pg,home_py_allowed_pg,home_ty_allowed_pg,home_to_margin_pg,home_su,home_ats,home_rush_rank,home_pass_rank,home_tot_off_rank,home_rush_def_rank,home_pass_def_rank,home_tot_def_rank,away_pf_pg,away_pa_pg,away_ry_pg,away_py_pg,away_ty_pg,away_ry_allowed_pg,away_py_allowed_pg,away_ty_allowed_pg,away_to_margin_pg,away_su,away_ats,away_rush_rank,away_pass_rank,away_tot_off_rank,away_rush_def_rank,away_pass_def_rank,away_tot_def_rank,raw_sources,home_score,away_score
2025,6,2025-10-03T01:00:00Z,20251003_0100_sam_houston_new_mexico_state,401757275,New Mexico State,New Mexico State,Sam Houston,Sam Houston,,,,,,,,52.2,126.0,45.49,133.0,53.82,63.13,155.0,98.0,4.37,6.71,,,,,,18.5,26.0,40.0,262.2,302.2,174.0,246.8,420.8,0.0,2-2,,128,65,122,75,70,79,16.2,42.8,108.5,160.2,268.8,161.8,321.8,483.5,0.2,0-4,,119,118,127,63,124,107,"{'schedule_row': {'id': 401757275, 'season': 2025, 'week': 6, 'kickoff_iso_utc': '2025-10-03T01:00:00Z', 'home_team': 'New Mexico State', 'away_team': 'Sam Houston', 'venue': 'Aggie Memorial Stadium', 'conference_game': True}, 'league_metrics_home': {'Team': 'New Mexico State', 'RY(O)': 40.0, 'R(O)_RY': 128, 'PY(O)': 262.2, 'R(O)_PY': 65, 'TY(O)': 302.2, 'R(O)_TY': 122, 'RY(D)': 174.0, 'R(D)_RY': 75, 'PY(D)': 246.8, 'R(D)_PY': 70, 'TY(D)': 420.8, 'R(D)_TY': 79, 'TO': 0.0, 'PF': 18.5, 'PA': 26.0, 'SU': '2-2', 'ATS': None}, 'league_metrics_away': {'Team': 'Sam Houston', 'RY(O)': 108.5, 'R(O)_RY': 119, 'PY(O)': 160.2, 'R(O)_PY': 118, 'TY(O)': 268.8, 'R(O)_TY': 127, 'RY(D)': 161.8, 'R(D)_RY': 63, 'PY(D)': 321.8, 'R(D)_PY': 124, 'TY(D)': 483.5, 'R(D)_TY': 107, 'TO': 0.2, 'PF': 16.2, 'PA': 42.8, 'SU': '0-4', 'ATS': None}, 'sagarin_home': {'season': 2025, 'week': 6, 'team_raw': 'New Mexico State', 'team_norm': 'New Mexico State', 'team': 'New Mexico State', 'pr': 52.2, 'pr_rank': 126, 'sos': 53.82, 'sos_rank': 155, 'hfa': 4.37, 'source_url': 'http://sagarin.com/sports/cfsend.htm', 'fetched_at': '2025-10-24 15:55:24.524041+00:00', 'page_stamp': 'COLLEGE FOOTBALL 2025 through results of 2025 OCTOBER 18 SATURDAY - WEEK 8'}, 'sagarin_away': {'season': 2025, 'week': 6, 'team_raw': 'Sam Houston State', 'team_norm': 'Sam Houston State', 'team': 'Sam Houston State', 'pr': 45.49, 'pr_rank': 133, 'sos': 63.13, 'sos_rank': 98, 'hfa': 4.37, 'source_url': 'http://sagarin.com/sports/cfsend.htm', 'fetched_at': '2025-10-24 15:55:24.524041+00:00', 'page_stamp': 'COLLEGE FOOTBALL 2025 through results of 2025 OCTOBER 18 SATURDAY - WEEK 8'}}",37.0,10.0
2025,6,2025-10-03T23:00:00Z,20251003_2300_charlotte_south_florida,401762475,South Florida,South Florida,Charlotte,Charlotte,,,,,,,,77.87,34.0,45.86,131.0,67.05,60.17,64.0,120.0,4.37,32.01,,,,,,31.8,21.5,134.2,265.5,399.8,132.5,271.0,403.5,1.0,3-1,,101,60,90,41,93,69,18.2,29.2,88.5,258.2,346.8,158.2,266.8,425.0,-1.8,1-3,,125,69,112,58,87,81,"{'schedule_row': {'id': 401762475, 'season': 2025, 'week': 6, 'kickoff_iso_utc': '2025-10-03T23:00:00Z', 'home_team': 'South Florida', 'away_team': 'Charlotte', 'venue': 'Raymond James Stadium', 'conference_game': True}, 'league_metrics_home': {'Team': 'South Florida', 'RY(O)': 134.2, 'R(O)_RY': 101, 'PY(O)': 265.5, 'R(O)_PY': 60, 'TY(O)': 399.8, 'R(O)_TY': 90, 'RY(D)': 132.5, 'R(D)_RY': 41, 'PY(D)': 271.0, 'R(D)_PY': 93, 'TY(D)': 403.5, 'R(D)_TY': 69, 'TO': 1.0, 'PF': 31.8, 'PA': 21.5, 'SU': '3-1', 'ATS': None}, 'league_metrics_away': {'Team': 'Charlotte', 'RY(O)': 88.5, 'R(O)_RY': 125, 'PY(O)': 258.2, 'R(O)_PY': 69, 'TY(O)': 346.8, 'R(O)_TY': 112, 'RY(D)': 158.2, 'R(D)_RY': 58, 'PY(D)': 266.8, 'R(D)_PY': 87, 'TY(D)': 425.0, 'R(D)_TY': 81, 'TO': -1.8, 'PF': 18.2, 'PA': 29.2, 'SU': '1-3', 'ATS': None}, 'sagarin_home': {'season': 2025, 'week': 6, 'team_raw': 'South Florida', 'team_norm': 'South Florida', 'team': 'South Florida', 'pr': 77.87, 'pr_rank': 34, 'sos': 67.05, 'sos_rank': 64, 'hfa': 4.37, 'source_url': 'http://sagarin.com/sports/cfsend.htm', 'fetched_at': '2025-10-24 15:55:24.524041+00:00', 'page_stamp': 'COLLEGE FOOTBALL 2025 through results of 2025 OCTOBER 18 SATURDAY - WEEK 8'}, 'sagarin_away': {'season': 2025, 'week': 6, 'team_raw': 'Charlotte', 'team_norm': 'Charlotte', 'team': 'Charlotte', 'pr': 45.86, 'pr_rank': 131, 'sos': 60.17, 'sos_rank': 120, 'hfa': 4.37, 'source_url': 'http://sagarin.com/sports/cfsend.htm', 'fetched_at': '2025-10-24 15:55:24.524041+00:00', 'page_stamp': 'COLLEGE FOOTBALL 2025 through results of 2025 OCTOBER 18 SATURDAY - WEEK 8'}}",54.0,26.0
2025,6,2025-10-03T23:00:00Z,20251003_2300_western_kentucky_delaware,401757276,Delaware,Delaware,Western Kentucky,Western Kentucky,,,,,,,,,,,,,,,,,,,,,,,31.0,26.2,152.2,266.8,419.0,167.5,241.2,408.8,0.0,3-1,,86,58,78,69,68,75,35.0,22.6,126.6,321.4,448.0,210.8,176.0,386.8,0.0,4-1,,83,7,20,121,52,107,"{'schedule_row': {'id': 401757276, 'season': 2025, 'week': 6, 'kickoff_iso_utc': '2025-10-03T23:00:00Z', 'home_team': 'Delaware', 'away_team': 'Western Kentucky', 'venue': 'Delaware Stadium', 'conference_game': True}, 'league_metrics_home': {'Team': 'Delaware', 'RY(O)': 152.2, 'R(O)_RY': 86, 'PY(O)': 266.8, 'R(O)_PY': 58, 'TY(O)': 419.0, 'R(O)_TY': 78, 'RY(D)': 167.5, 'R(D)_RY': 69, 'PY(D)': 241.2, 'R(D)_PY': 68, 'TY(D)': 408.8, 'R(D)_TY': 75, 'TO': 0.0, 'PF': 31.0, 'PA': 26.2, 'SU': '3-1', 'ATS': None}, 'league_metrics_away': {'Team': 'Western Kentucky', 'RY(O)': 126.6, 'R(O)_RY': 83, 'PY(O)': 321.4, 'R(O)_PY': 7, 'TY(O)': 448.0, 'R(O)_TY': 20, 'RY(D)': 210.8, 'R(D)_RY': 121, 'PY(D)': 176.0, 'R(D)_PY': 52, 'TY(D)': 386.8, 'R(D)_TY': 107, 'TO': 0.0, 'PF': 35.0, 'PA': 22.6, 'SU': '4-1', 'ATS': None}, 'sagarin_away': {'season': 2025, 'week': 6, 'team_raw': 'Western Kentucky', 'team_norm': 'Western Kentucky', 'team': 'Western Kentucky', 'pr': 59.88, 'pr_rank': 105, 'sos': 53.68, 'sos_rank': 158, 'hfa': 4.37, 'source_url': 'http://sagarin.com/sports/cfsend.htm', 'fetched_at': '2025-10-24 15:55:24.524041+00:00', 'page_stamp': 'COLLEGE FOOTBALL 2025 through results of 2025 OCTOBER 18 SATURDAY - WEEK 8'}}",24.0,27.0
2025,6,2025-10-04T02:00:00Z,20251004_0200_new_mexico_san_jos_state,401760384,San José State,San José State,New Mexico,New Mexico,,,,,,,,61.26,96.0,60.22,99.0,63.72,64.17,89.0,81.0,4.37,1.04,,,,,,20.2,28.0,102.5,297.8,400.2,147.8,277.0,424.8,-1.2,1-3,,121,39,89,53,100,80,30.5,21.5,174.8,217.0,391.8,111.5,255.5,367.0,-1.0,3-1,,74,89,92,27,77,48,"{'schedule_row': {'id': 401760384, 'season': 2025, 'week': 6, 'kickoff_iso_utc': '2025-10-04T02:00:00Z', 'home_team': 'San José State', 'away_team': 'New Mexico', 'venue': 'CEFCU Stadium', 'conference_game': True}, 'league_metrics_home': {'Team': 'San José State', 'RY(O)': 102.5, 'R(O)_RY': 121, 'PY(O)': 297.8, 'R(O)_PY': 39, 'TY(O)': 400.2, 'R(O)_TY': 89, 'RY(D)': 147.8, 'R(D)_RY': 53, 'PY(D)': 277.0, 'R(D)_PY': 100, 'TY(D)': 424.8, 'R(D)_TY': 80, 'TO': -1.2, 'PF': 20.2, 'PA': 28.0, 'SU': '1-3', 'ATS': None}, 'league_metrics_away': {'Team': 'New Mexico', 'RY(O)': 174.8, 'R(O)_RY': 74, 'PY(O)': 217.0, 'R(O)_PY': 89, 'TY(O)': 391.8, 'R(O)_TY': 92, 'RY(D)': 111.5, 'R(D)_RY': 27, 'PY(D)': 255.5, 'R(D)_PY': 77, 'TY(D)': 367.0, 'R(D)_TY': 48, 'TO': -1.0, 'PF': 30.5, 'PA': 21.5, 'SU': '3-1', 'ATS': None}, 'sagarin_home': {'season': 2025, 'week': 6, 'team_raw': 'San Jose State', 'team_norm': 'San Jose State', 'team': 'San Jose State', 'pr': 61.26, 'pr_rank': 96, 'sos': 63.72, 'sos_rank': 89, 'hfa': 4.37, 'source_url': 'http://sagarin.com/sports/cfsend.htm', 'fetched_at': '2025-10-24 15:55:24.524041+00:00', 'page_stamp': 'COLLEGE FOOTBALL 2025 through results of 2025 OCTOBER 18 SATURDAY - WEEK 8'}, 'sagarin_away': {'season': 2025, 'week': 6, 'team_raw': 'New Mexico', 'team_norm': 'New Mexico', 'team': 'New Mexico', 'pr': 60.22, 'pr_rank': 99, 'sos': 64.17, 'sos_rank': 81, 'hfa': 4.37, 'source_url': 'http://sagarin.com/sports/cfsend.htm', 'fetched_at': '2025-10-24 15:55:24.524041+00:00', 'page_stamp': 'COLLEGE FOOTBALL 2025 through results of 2025 OCTOBER 18 SATURDAY - WEEK 8'}}",,
2025,6,2025-10-04T02:30:00Z,20251004_0230_colorado_state_san_diego_state,401760382,San Diego State,San Diego State,Colorado State,Colorado State,,,,,,,,67.53,74.0,59.98,102.0,58.06,63.59,133.0,91.0,4.37,7.55,,,,,,23.8,9.8,149.0,168.2,314.5,93.0,146.0,239.0,0.5,3-1,,90,114,121,17,8,8,15.2,23.0,153.5,190.8,344.2,169.0,187.0,356.0,-0.5,1-3,,84,106,114,73,30,42,"{'schedule_row': {'id': 401760382, 'season': 2025, 'week': 6, 'kickoff_iso_utc': '2025-10-04T02:30:00Z', 'home_team': 'San Diego State', 'away_team': 'Colorado State', 'venue': 'Snapdragon Stadium', 'conference_game': True}, 'league_metrics_home': {'Team': 'San Diego State', 'RY(O)': 149.0, 'R(O)_RY': 90, 'PY(O)': 168.2, 'R(O)_PY': 114, 'TY(O)': 314.5, 'R(O)_TY': 121, 'RY(D)': 93.0, 'R(D)_RY': 17, 'PY(D)': 146.0, 'R(D)_PY': 8, 'TY(D)': 239.0, 'R(D)_TY': 8, 'TO': 0.5, 'PF': 23.8, 'PA': 9.8, 'SU': '3-1', 'ATS': None}, 'league_metrics_away': {'Team': 'Colorado State', 'RY(O)': 153.5, 'R(O)_RY': 84, 'PY(O)': 190.8, 'R(O)_PY': 106, 'TY(O)': 344.2, 'R(O)_TY': 114, 'RY(D)': 169.0, 'R(D)_RY': 73, 'PY(D)': 187.0, 'R(D)_PY': 30, 'TY(D)': 356.0, 'R(D)_TY': 42, 'TO': -0.5, 'PF': 15.2, 'PA': 23.0, 'SU': '1-3', 'ATS': None}, 'sagarin_home': {'season': 2025, 'week': 6, 'team_raw': 'San Diego State', 'team_norm': 'San Diego State', 'team': 'San Diego State', 'pr': 67.53, 'pr_rank': 74, 'sos': 58.06, 'sos_rank': 133, 'hfa': 4.37, 'source_url': 'http://sagarin.com/sports/cfsend.htm', 'fetched_at': '2025-10-24 15:55:24.524041+00:00', 'page_stamp': 'COLLEGE FOOTBALL 2025 through results of 2025 OCTOBER 18 SATURDAY - WEEK 8'}, 'sagarin_away': {'season': 2025, 'week': 6, 'team_raw': 'Colorado State', 'team_norm': 'Colorado State', 'team': 'Colorado State', 'pr': 59.98, 'pr_rank': 102, 'sos': 63.59, 'sos_rank': 91, 'hfa': 4.37, 'source_url': 'http://sagarin.com/sports/cfsend.htm', 'fetched_at': '2025-10-24 15:55:24.524041+00:00', 'page_stamp': 'COLLEGE FOOTBALL 2025 through results of 2025 OCTOBER 18 SATURDAY - WEEK 8'}}",45.0,24.0
2025,6,2025-10-04T02:30:00Z,20251004_0230_west_virginia_byu,401756909,BYU,Byu,West Virginia,West Virginia,,,,,,,,80.14,29.0,63.9,88.0,67.97,74.3,55.0,14.0,4.37,16.24,,,,,,38.5,9.2,253.5,184.5,438.0,76.8,150.5,227.2,1.5,4-0,,27,109,67,8,9,4,22.0,26.6,216.4,179.4,395.8,156.6,211.2,367.8,-0.4,2-3,,16,86,34,93,86,95,"{'schedule_row': {'id': 401756909, 'season': 2025, 'week': 6, 'kickoff_iso_utc': '2025-10-04T02:30:00Z', 'home_team': 'BYU', 'away_team': 'West Virginia', 'venue': 'LaVell Edwards Stadium', 'conference_game': True}, 'league_metrics_home': {'Team': 'Byu', 'RY(O)': 253.5, 'R(O)_RY': 27, 'PY(O)': 184.5, 'R(O)_PY': 109, 'TY(O)': 438.0, 'R(O)_TY': 67, 'RY(D)': 76.8, 'R(D)_RY': 8, 'PY(D)': 150.5, 'R(D)_PY': 9, 'TY(D)': 227.2, 'R(D)_TY': 4, 'TO': 1.5, 'PF': 38.5, 'PA': 9.2, 'SU': '4-0', 'ATS': None}, 'league_metrics_away': {'Team': 'West Virginia', 'RY(O)': 216.4, 'R(O)_RY': 16, 'PY(O)': 179.4, 'R(O)_PY': 86, 'TY(O)': 395.8, 'R(O)_TY': 34, 'RY(D)': 156.6, 'R(D)_RY': 93, 'PY(D)': 211.2, 'R(D)_PY': 86, 'TY(D)': 367.8, 'R(D)_TY': 95, 'TO': -0.4, 'PF': 22.0, 'PA': 26.6, 'SU': '2-3', 'ATS': None}, 'sagarin_home': {'season': 2025, 'week': 6, 'team_raw': 'BYU', 'team_norm': 'Byu', 'team': 'Byu', 'pr': 80.14, 'pr_rank': 29, 'sos': 67.97, 'sos_rank': 55, 'hfa': 4.37, 'source_url': 'http://sagarin.com/sports/cfsend.htm', 'fetched_at': '2025-10-24 15:55:24.524041+00:00', 'page_stamp': 'COLLEGE FOOTBALL 2025 through results of 2025 OCTOBER 18 SATURDAY - WEEK 8'}, 'sagarin_away': {'season': 2025, 'week': 6, 'team_raw': 'West Virginia', 'team_norm': 'West Virginia', 'team': 'West Virginia', 'pr': 63.9, 'pr_rank': 88, 'sos': 74.3, 'sos_rank': 14, 'hfa': 4.37, 'source_url': 'http://sagarin.com/sports/cfsend.htm', 'fetched_at': '2025-10-24 15:55:24.524041+00:00', 'page_stamp': 'COLLEGE FOOTBALL 2025 through results of 2025 OCTOBER 18 SATURDAY - WEEK 8'}}",38.0,24.0
2025,6,2025-10-04T16:00:00Z,20251004_1600_air_force_navy,401760381,Navy,Navy,Air Force,Air Force,,,,,,,,67.26,77.0,60.0,101.0,52.16,63.94,173.0,86.0,4.37,7.26,,,,,,38.2,16.8,353.2,131.5,484.8,91.8,205.2,297.0,0.2,4-0,,2,123,38,15,39,25,37.8,38.8,254.5,215.5,470.0,163.5,305.8,469.2,-0.5,1-3,,25,91,45,65,117,99,"{'schedule_row': {'id': 401760381, 'season': 2025, 'week': 6, 'kickoff_iso_utc': '2025-10-04T16:00:00Z', 'home_team': 'Navy', 'away_team': 'Air Force', 'venue': 'Navy-Marine Corps Memorial Stadium', 'conference_game': False}, 'league_metrics_home': {'Team': 'Navy', 'RY(O)': 353.2, 'R(O)_RY': 2, 'PY(O)': 131.5, 'R(O)_PY': 123, 'TY(O)': 484.8, 'R(O)_TY': 38, 'RY(D)': 91.8, 'R(D)_RY': 15, 'PY(D)': 205.2, 'R(D)_PY': 39, 'TY(D)': 297.0, 'R(D)_TY': 25, 'TO': 0.2, 'PF': 38.2, 'PA': 16.8, 'SU': '4-0', 'ATS': None}, 'league_metrics_away': {'Team': 'Air Force', 'RY(O)': 254.5, 'R(O)_RY': 25, 'PY(O)': 215.5, 'R(O)_PY': 91, 'TY(O)': 470.0, 'R(O)_TY': 45, 'RY(D)': 163.5, 'R(D)_RY': 65, 'PY(D)': 305.8, 'R(D)_PY': 117, 'TY(D)': 469.2, 'R(D)_TY': 99, 'TO': -0.5, 'PF': 37.8, 'PA': 38.8, 'SU': '1-3', 'ATS': None}, 'sagarin_home': {'season': 2025, 'week': 6, 'team_raw': 'Navy', 'team_norm': 'Navy', 'team': 'Navy', 'pr': 67.26, 'pr_rank': 77, 'sos': 52.16, 'sos_rank': 173, 'hfa': 4.37, 'source_url': 'http://sagarin.com/sports/cfsend.htm', 'fetched_at': '2025-10-24 15:55:24.524041+00:00', 'page_stamp': 'COLLEGE FOOTBALL 2025 through results of 2025 OCTOBER 18 SATURDAY - WEEK 8'}, 'sagarin_away': {'season': 2025, 'week': 6, 'team_raw': 'Air Force', 'team_norm': 'Air Force', 'team': 'Air Force', 'pr': 60.0, 'pr_rank': 101, 'sos': 63.94, 'sos_rank': 86, 'hfa': 4.37, 'source_url': 'http://sagarin.com/sports/cfsend.htm', 'fetched_at': '2025-10-24 15:55:24.524041+00:00', 'page_stamp': 'COLLEGE FOOTBALL 2025 through results of 2025 OCTOBER 18 SATURDAY - WEEK 8'}}",34.0,31.0
2025,6,2025-10-04T16:00:00Z,20251004_1600_army_uab,401762476,UAB,Uab,Army,Army,,,,,,,,55.44,117.0,65.9,83.0,63.28,67.34,95.0,59.0,4.37,-10.46,,,,,,32.8,41.0,117.2,320.0,437.2,223.8,259.2,483.0,-0.8,2-2,,114,27,68,108,79,106,23.8,31.0,286.2,94.0,380.2,168.8,206.0,374.8,-0.8,1-3,,11,128,100,72,41,51,"{'schedule_row': {'id': 401762476, 'season': 2025, 'week': 6, 'kickoff_iso_utc': '2025-10-04T16:00:00Z', 'home_team': 'UAB', 'away_team': 'Army', 'venue': 'Protective Stadium', 'conference_game': True}, 'league_metrics_home': {'Team': 'Uab', 'RY(O)': 117.2, 'R(O)_RY': 114, 'PY(O)': 320.0, 'R(O)_PY': 27, 'TY(O)': 437.2, 'R(O)_TY': 68, 'RY(D)': 223.8, 'R(D)_RY': 108, 'PY(D)': 259.2, 'R(D)_PY': 79, 'TY(D)': 483.0, 'R(D)_TY': 106, 'TO': -0.8, 'PF': 32.8, 'PA': 41.0, 'SU': '2-2', 'ATS': None}, 'league_metrics_away': {'Team': 'Army', 'RY(O)': 286.2, 'R(O)_RY': 11, 'PY(O)': 94.0, 'R(O)_PY': 128, 'TY(O)': 380.2, 'R(O)_TY': 100, 'RY(D)': 168.8, 'R(D)_RY': 72, 'PY(D)': 206.0, 'R(D)_PY': 41, 'TY(D)': 374.8, 'R(D)_TY': 51, 'TO': -0.8, 'PF': 23.8, 'PA': 31.0, 'SU': '1-3', 'ATS': None}, 'sagarin_home': {'season': 2025, 'week': 6, 'team_raw': 'UAB', 'team_norm': 'Uab', 'team': 'Uab', 'pr': 55.44, 'pr_rank': 117, 'sos': 63.28, 'sos_rank': 95, 'hfa': 4.37, 'source_url': 'http://sagarin.com/sports/cfsend.htm', 'fetched_at': '2025-10-24 15:55:24.524041+00:00', 'page_stamp': 'COLLEGE FOOTBALL 2025 through results of 2025 OCTOBER 18 SATURDAY - WEEK 8'}, 'sagarin_away': {'season': 2025, 'week': 6, 'team_raw': 'Army West Point', 'team_norm': 'Army West Point', 'team': 'Army West Point', 'pr': 65.9, 'pr_rank': 83, 'sos': 67.34, 'sos_rank': 59, 'hfa': 4.37, 'source_url': 'http://sagarin.com/sports/cfsend.htm', 'fetched_at': '2025-10-24 15:55:24.524041+00:00', 'page_stamp': 'COLLEGE FOOTBALL 2025 through results of 2025 OCTOBER 18 SATURDAY - WEEK 8'}}",13.0,31.0
2025,6,2025-10-04T16:00:00Z,20251004_1600_boston_college_pittsburgh,401754550,Pittsburgh,Pittsburgh,Boston College,Boston College,,,,,,,,79.99,31.0,61.88,95.0,66.54,68.65,66.0,51.0,4.37,18.11,,,,,,39.2,22.8,102.2,301.0,403.2,76.2,236.8,313.0,-1.0,2-2,,122,36,88,6,62,29,37.5,27.5,99.8,344.5,444.2,127.2,205.8,333.0,-0.8,1-3,,123,15,61,39,40,35,"{'schedule_row': {'id': 401754550, 'season': 2025, 'week': 6, 'kickoff_iso_utc': '2025-10-04T16:00:00Z', 'home_team': 'Pittsburgh', 'away_team': 'Boston College', 'venue': 'Acrisure Stadium', 'conference_game': True}, 'league_metrics_home': {'Team': 'Pittsburgh', 'RY(O)': 102.2, 'R(O)_RY': 122, 'PY(O)': 301.0, 'R(O)_PY': 36, 'TY(O)': 403.2, 'R(O)_TY': 88, 'RY(D)': 76.2, 'R(D)_RY': 6, 'PY(D)': 236.8, 'R(D)_PY': 62, 'TY(D)': 313.0, 'R(D)_TY': 29, 'TO': -1.0, 'PF': 39.2, 'PA': 22.8, 'SU': '2-2', 'ATS': None}, 'league_metrics_away': {'Team': 'Boston College', 'RY(O)': 99.8, 'R(O)_RY': 123, 'PY(O)': 344.5, 'R(O)_PY': 15, 'TY(O)': 444.2, 'R(O)_TY': 61, 'RY(D)': 127.2, 'R(D)_RY': 39, 'PY(D)': 205.8, 'R(D)_PY': 40, 'TY(D)': 333.0, 'R(D)_TY': 35, 'TO': -0.8, 'PF': 37.5, 'PA': 27.5, 'SU': '1-3', 'ATS': None}, 'sagarin_home': {'season': 2025, 'week': 6, 'team_raw': 'Pittsburgh', 'team_norm': 'Pittsburgh', 'team': 'Pittsburgh', 'pr': 79.99, 'pr_rank': 31, 'sos': 66.54, 'sos_rank': 66, 'hfa': 4.37, 'source_url': 'http://sagarin.com/sports/cfsend.htm', 'fetched_at': '2025-10-24 15:55:24.524041+00:00', 'page_stamp': 'COLLEGE FOOTBALL 2025 through results of 2025 OCTOBER 18 SATURDAY - WEEK 8'}, 'sagarin_away': {'season': 2025, 'week': 6, 'team_raw': 'Boston College', 'team_norm': 'Boston College', 'team': 'Boston College', 'pr': 61.88, 'pr_rank': 95, 'sos': 68.65, 'sos_rank': 51, 'hfa': 4.37, 'source_url': 'http://sagarin.com/sports/cfsend.htm', 'fetched_at': '2025-10-24 15:55:24.524041+00:00', 'page_stamp': 'COLLEGE FOOTBALL 2025 through results of 2025 OCTOBER 18 SATURDAY - WEEK 8'}}",48.0,7.0
2025,6,2025-10-04T16:00:00Z,20251004_1600_clemson_tigers_north_carolina,401754552,North Carolina,North Carolina,Clemson,Clemson Tigers,,,,,,,,65.28,86.0,80.11,30.0,66.73,72.45,65.0,23.0,4.37,-14.83,,,,,,21.0,22.8,113.5,150.0,263.5,136.8,208.0,344.8,0.0,2-2,,116,121,128,45,43,38,19.8,22.8,116.2,249.0,365.2,122.5,240.0,362.0,-0.5,1-3,,115,75,106,36,67,46,"{'schedule_row': {'id': 401754552, 'season': 2025, 'week': 6, 'kickoff_iso_utc': '2025-10-04T16:00:00Z', 'home_team': 'North Carolina', 'away_team': 'Clemson', 'venue': 'Kenan Stadium', 'conference_game': True}, 'league_metrics_home': {'Team': 'North Carolina', 'RY(O)': 113.5, 'R(O)_RY': 116, 'PY(O)': 150.0, 'R(O)_PY': 121, 'TY(O)': 263.5, 'R(O)_TY': 128, 'RY(D)': 136.8, 'R(D)_RY': 45, 'PY(D)': 208.0, 'R(D)_PY': 43, 'TY(D)': 344.8, 'R(D)_TY': 38, 'TO': 0.0, 'PF': 21.0, 'PA': 22.8, 'SU': '2-2', 'ATS': None}, 'league_metrics_away': {'Team': 'Clemson Tigers', 'RY(O)': 116.2, 'R(O)_RY': 115, 'PY(O)': 249.0, 'R(O)_PY': 75, 'TY(O)': 365.2, 'R(O)_TY': 106, 'RY(D)': 122.5, 'R(D)_RY': 36, 'PY(D)': 240.0, 'R(D)_PY': 67, 'TY(D)': 362.0, 'R(D)_TY': 46, 'TO': -0.5, 'PF': 19.8, 'PA': 22.8, 'SU': '1-3', 'ATS': None}, 'sagarin_home': {'season': 2025, 'week': 6, 'team_raw': 'North Carolina', 'team_norm': 'North Carolina', 'team': 'North Carolina', 'pr': 65.28, 'pr_rank': 86, 'sos': 66.73, 'sos_rank': 65, 'hfa': 4.37, 'source_url': 'http://sagarin.com/sports/cfsend.htm', 'fetched_at': '2025-10-24 15:55:24.524041+00:00', 'page_stamp': 'COLLEGE FOOTBALL 2025 through results of 2025 OCTOBER 18 SATURDAY - WEEK 8'}, 'sagarin_away': {'season': 2025, 'week': 6, 'team_raw': 'Clemson', 'team_norm': 'Clemson Tigers', 'team': 'Clemson Tigers', 'pr': 80.11, 'pr_rank': 30, 'sos': 72.45, 'sos_rank': 23, 'hfa': 4.37, 'source_url': 'http://sagarin.com/sports/cfsend.htm', 'fetched_at': '2025-10-24 15:55:24.524041+00:00', 'page_stamp': 'COLLEGE FOOTBALL 2025 through results of 2025 OCTOBER 18 SATURDAY - WEEK 8'}}",10.0,38.0
2025,6,2025-10-04T16:00:00Z,20251004_1600_illinois_purdue,401752861,Purdue,Purdue,Illinois,Illinois,,,,,,,,63.86,89.0,80.53,26.0,74.23,75.56,15.0,12.0,4.37,-16.67,,,,,,28.0,26.5,108.8,279.5,388.2,158.5,213.0,371.5,-1.2,2-2,,118,53,95,59,47,50,35.8,23.4,133.6,242.6,376.2,132.4,242.4,374.8,1.0,4-1,,80,35,44,67,115,98,"{'schedule_row': {'id': 401752861, 'season': 2025, 'week': 6, 'kickoff_iso_utc': '2025-10-04T16:00:00Z', 'home_team': 'Purdue', 'away_team': 'Illinois', 'venue': 'Ross-Ade Stadium', 'conference_game': True}, 'league_metrics_home': {'Team': 'Purdue', 'RY(O)': 108.8, 'R(O)_RY': 118, 'PY(O)': 279.5, 'R(O)_PY': 53, 'TY(O)': 388.2, 'R(O)_TY': 95, 'RY(D)': 158.5, 'R(D)_RY': 59, 'PY(D)': 213.0, 'R(D)_PY': 47, 'TY(D)': 371.5, 'R(D)_TY': 50, 'TO': -1.2, 'PF': 28.0, 'PA': 26.5, 'SU': '2-2', 'ATS': None}, 'league_metrics_away': {'Team': 'Illinois', 'RY(O)': 133.6, 'R(O)_RY': 80, 'PY(O)': 242.6, 'R(O)_PY': 35, 'TY(O)': 376.2, 'R(O)_TY': 44, 'RY(D)': 132.4, 'R(D)_RY': 67, 'PY(D)': 242.4, 'R(D)_PY': 115, 'TY(D)': 374.8, 'R(D)_TY': 98, 'TO': 1.0, 'PF': 35.8, 'PA': 23.4, 'SU': '4-1', 'ATS': None}, 'sagarin_home': {'season': 2025, 'week': 6, 'team_raw': 'Purdue', 'team_norm': 'Purdue', 'team': 'Purdue', 'pr': 63.86, 'pr_rank': 89, 'sos': 74.23, 'sos_rank': 15, 'hfa': 4.37, 'source_url': 'http://sagarin.com/sports/cfsend.htm', 'fetched_at': '2025-10-24 15:55:24.524041+00:00', 'page_stamp': 'COLLEGE FOOTBALL 2025 through results of 2025 OCTOBER 18 SATURDAY - WEEK 8'}, 'sagarin_away': {'season': 2025, 'week': 6, 'team_raw': 'Illinois', 'team_norm': 'Illinois', 'team': 'Illinois', 'pr': 80.53, 'pr_rank': 26, 'sos': 75.56, 'sos_rank': 12, 'hfa': 4.37, 'source_url': 'http://sagarin.com/sports/cfsend.htm', 'fetched_at': '2025-10-24 15:55:24.524041+00:00', 'page_stamp': 'COLLEGE FOOTBALL 2025 through results of 2025 OCTOBER 18 SATURDAY - WEEK 8'}}",27.0,43.0
2025,6,2025-10-04T16:00:00Z,20251004_1600_iowa_state_cincinnati,401756912,Cincinnati,Cincinnati,Iowa State,Iowa State,,,,,,,,77.79,35.0,76.87,41.0,64.89,71.32,74.0,38.0,4.37,0.92,,,,,,39.5,18.5,191.5,288.0,479.5,108.0,248.8,356.8,-0.2,3-1,,57,44,41,24,72,43,31.6,14.2,151.2,235.2,386.4,118.0,191.4,309.4,0.6,5-0,,61,41,39,52,65,60,"{'schedule_row': {'id': 401756912, 'season': 2025, 'week': 6, 'kickoff_iso_utc': '2025-10-04T16:00:00Z', 'home_team': 'Cincinnati', 'away_team': 'Iowa State', 'venue': 'Nippert Stadium', 'conference_game': True}, 'league_metrics_home': {'Team': 'Cincinnati', 'RY(O)': 191.5, 'R(O)_RY': 57, 'PY(O)': 288.0, 'R(O)_PY': 44, 'TY(O)': 479.5, 'R(O)_TY': 41, 'RY(D)': 108.0, 'R(D)_RY': 24, 'PY(D)': 248.8, 'R(D)_PY': 72, 'TY(D)': 356.8, 'R(D)_TY': 43, 'TO': -0.2, 'PF': 39.5, 'PA': 18.5, 'SU': '3-1', 'ATS': None}, 'league_metrics_away': {'Team': 'Iowa State', 'RY(O)': 151.2, 'R(O)_RY': 61, 'PY(O)': 235.2, 'R(O)_PY': 41, 'TY(O)': 386.4, 'R(O)_TY': 39, 'RY(D)': 118.0, 'R(D)_RY': 52, 'PY(D)': 191.4, 'R(D)_PY': 65, 'TY(D)': 309.4, 'R(D)_TY': 60, 'TO': 0.6, 'PF': 31.6, 'PA': 14.2, 'SU': '5-0', 'ATS': None}, 'sagarin_home': {'season': 2025, 'week': 6, 'team_raw': 'Cincinnati', 'team_norm': 'Cincinnati', 'team': 'Cincinnati', 'pr': 77.79, 'pr_rank': 35, 'sos': 64.89, 'sos_rank': 74, 'hfa': 4.37, 'source_url': 'http://sagarin.com/sports/cfsend.htm', 'fetched_at': '2025-10-24 15:55:24.524041+00:00', 'page_stamp': 'COLLEGE FOOTBALL 2025 through results of 2025 OCTOBER 18 SATURDAY - WEEK 8'}, 'sagarin_away': {'season': 2025, 'week': 6, 'team_raw': 'Iowa State', 'team_norm': 'Iowa State', 'team': 'Iowa State', 'pr': 76.87, 'pr_rank': 41, 'sos': 71.32, 'sos_rank': 38, 'hfa': 4.37, 'source_url': 'http://sagarin.com/sports/cfsend.htm', 'fetched_at': '2025-10-24 15:55:24.524041+00:00', 'page_stamp': 'COLLEGE FOOTBALL 2025 through results of 2025 OCTOBER 18 SATURDAY - WEEK 8'}}",38.0,30.0
2025,6,2025-10-04T16:00:00Z,20251004_1600_kansas_state_baylor,401756911,Baylor,Baylor,Kansas State,Kansas State,,,,,,,,74.35,49.0,76.1,44.0,71.13,71.2,41.0,39.0,4.37,-1.75,,,,,,36.6,28.8,154.8,349.4,504.2,180.6,203.0,383.6,-0.6,3-2,,56,1,8,111,76,105,26.2,25.2,141.0,203.8,344.8,181.6,181.0,362.6,0.4,2-3,,71,70,72,112,55,92,"{'schedule_row': {'id': 401756911, 'season': 2025, 'week': 6, 'kickoff_iso_utc': '2025-10-04T16:00:00Z', 'home_team': 'Baylor', 'away_team': 'Kansas State', 'venue': 'McLane Stadium', 'conference_game': True}, 'league_metrics_home': {'Team': 'Baylor', 'RY(O)': 154.8, 'R(O)_RY': 56, 'PY(O)': 349.4, 'R(O)_PY': 1, 'TY(O)': 504.2, 'R(O)_TY': 8, 'RY(D)': 180.6, 'R(D)_RY': 111, 'PY(D)': 203.0, 'R(D)_PY': 76, 'TY(D)': 383.6, 'R(D)_TY': 105, 'TO': -0.6, 'PF': 36.6, 'PA': 28.8, 'SU': '3-2', 'ATS': None}, 'league_metrics_away': {'Team': 'Kansas State', 'RY(O)': 141.0, 'R(O)_RY': 71, 'PY(O)': 203.8, 'R(O)_PY': 70, 'TY(O)': 344.8, 'R(O)_TY': 72, 'RY(D)': 181.6, 'R(D)_RY': 112, 'PY(D)': 181.0, 'R(D)_PY': 55, 'TY(D)': 362.6, 'R(D)_TY': 92, 'TO': 0.4, 'PF': 26.2, 'PA': 25.2, 'SU': '2-3', 'ATS': None}, 'sagarin_home': {'season': 2025, 'week': 6, 'team_raw': 'Baylor', 'team_norm': 'Baylor', 'team': 'Baylor', 'pr': 74.35, 'pr_rank': 49, 'sos': 71.13, 'sos_rank': 41, 'hfa': 4.37, 'source_url': 'http://sagarin.com/sports/cfsend.htm', 'fetched_at': '2025-10-24 15:55:24.524041+00:00', 'page_stamp': 'COLLEGE FOOTBALL 2025 through results of 2025 OCTOBER 18 SATURDAY - WEEK 8'}, 'sagarin_away': {'season': 2025, 'week': 6, 'team_raw': 'Kansas State', 'team_norm': 'Kansas State', 'team': 'Kansas State', 'pr': 76.1, 'pr_rank': 44, 'sos': 71.2, 'sos_rank': 39, 'hfa': 4.37, 'source_url': 'http://sagarin.com/sports/cfsend.htm', 'fetched_at': '2025-10-24 15:55:24.524041+00:00', 'page_stamp': 'COLLEGE FOOTBALL 2025 through results of 2025 OCTOBER 18 SATURDAY - WEEK 8'}}",35.0,34.0
2025,6,2025-10-04T16:00:00Z,20251004_1600_kentucky_georgia_bulldogs,401752728,Georgia,Georgia Bulldogs,Kentucky,Kentucky,,,,,,,,89.6,6.0,73.08,52.0,75.77,77.7,11.0,5.0,4.37,16.52,,,,,,34.5,19.5,213.5,228.5,442.0,91.2,232.8,324.0,-0.5,3-1,,43,85,64,14,59,33,27.0,26.0,188.2,159.0,347.2,147.5,249.5,397.0,-0.5,2-2,,62,119,110,52,74,65,"{'schedule_row': {'id': 401752728, 'season': 2025, 'week': 6, 'kickoff_iso_utc': '2025-10-04T16:00:00Z', 'home_team': 'Georgia', 'away_team': 'Kentucky', 'venue': 'Sanford Stadium', 'conference_game': True}, 'league_metrics_home': {'Team': 'Georgia Bulldogs', 'RY(O)': 213.5, 'R(O)_RY': 43, 'PY(O)': 228.5, 'R(O)_PY': 85, 'TY(O)': 442.0, 'R(O)_TY': 64, 'RY(D)': 91.2, 'R(D)_RY': 14, 'PY(D)': 232.8, 'R(D)_PY': 59, 'TY(D)': 324.0, 'R(D)_TY': 33, 'TO': -0.5, 'PF': 34.5, 'PA': 19.5, 'SU': '3-1', 'ATS': None}, 'league_metrics_away': {'Team': 'Kentucky', 'RY(O)': 188.2, 'R(O)_RY': 62, 'PY(O)': 159.0, 'R(O)_PY': 119, 'TY(O)': 347.2, 'R(O)_TY': 110, 'RY(D)': 147.5, 'R(D)_RY': 52, 'PY(D)': 249.5, 'R(D)_PY': 74, 'TY(D)': 397.0, 'R(D)_TY': 65, 'TO': -0.5, 'PF': 27.0, 'PA': 26.0, 'SU': '2-2', 'ATS': None}, 'sagarin_home': {'season': 2025, 'week': 6, 'team_raw': 'Georgia', 'team_norm': 'Georgia Bulldogs', 'team': 'Georgia Bulldogs', 'pr': 89.6, 'pr_rank': 6, 'sos': 75.77, 'sos_rank': 11, 'hfa': 4.37, 'source_url': 'http://sagarin.com/sports/cfsend.htm', 'fetched_at': '2025-10-24 15:55:24.524041+00:00', 'page_stamp': 'COLLEGE FOOTBALL 2025 through results of 2025 OCTOBER 18 SATURDAY - WEEK 8'}, 'sagarin_away': {'season': 2025, 'week': 6, 'team_raw': 'Kentucky', 'team_norm': 'Kentucky', 'team': 'Kentucky', 'pr': 73.08, 'pr_rank': 52, 'sos': 77.7, 'sos_rank': 5, 'hfa': 4.37, 'source_url': 'http://sagarin.com/sports/cfsend.htm', 'fetched_at': '2025-10-24 15:55:24.524041+00:00', 'page_stamp': 'COLLEGE FOOTBALL 2025 through results of 2025 OCTOBER 18 SATURDAY - WEEK 8'}}",35.0,14.0
2025,6,2025-10-04T16:00:00Z,20251004_1600_ohio_ball_state,401762830,Ball State,Ball State,Ohio,Ohio,,,,,,,,53.4,122.0,66.74,79.0,64.91,59.87,73.0,123.0,4.37,-13.34,,,,,,15.5,33.2,149.2,122.8,272.0,168.8,262.8,431.5,-0.8,1-3,,89,125,126,72,84,84,28.8,27.2,201.6,219.4,421.0,163.6,247.2,410.8,0.4,3-2,,28,56,29,98,119,119,"{'schedule_row': {'id': 401762830, 'season': 2025, 'week': 6, 'kickoff_iso_utc': '2025-10-04T16:00:00Z', 'home_team': 'Ball State', 'away_team': 'Ohio', 'venue': 'Scheumann Stadium', 'conference_game': True}, 'league_metrics_home': {'Team': 'Ball State', 'RY(O)': 149.2, 'R(O)_RY': 89, 'PY(O)': 122.8, 'R(O)_PY': 125, 'TY(O)': 272.0, 'R(O)_TY': 126, 'RY(D)': 168.8, 'R(D)_RY': 72, 'PY(D)': 262.8, 'R(D)_PY': 84, 'TY(D)': 431.5, 'R(D)_TY': 84, 'TO': -0.8, 'PF': 15.5, 'PA': 33.2, 'SU': '1-3', 'ATS': None}, 'league_metrics_away': {'Team': 'Ohio', 'RY(O)': 201.6, 'R(O)_RY': 28, 'PY(O)': 219.4, 'R(O)_PY': 56, 'TY(O)': 421.0, 'R(O)_TY': 29, 'RY(D)': 163.6, 'R(D)_RY': 98, 'PY(D)': 247.2, 'R(D)_PY': 119, 'TY(D)': 410.8, 'R(D)_TY': 119, 'TO': 0.4, 'PF': 28.8, 'PA': 27.2, 'SU': '3-2', 'ATS': None}, 'sagarin_home': {'season': 2025, 'week': 6, 'team_raw': 'Ball State', 'team_norm': 'Ball State', 'team': 'Ball State', 'pr': 53.4, 'pr_rank': 122, 'sos': 64.91, 'sos_rank': 73, 'hfa': 4.37, 'source_url': 'http://sagarin.com/sports/cfsend.htm', 'fetched_at': '2025-10-24 15:55:24.524041+00:00', 'page_stamp': 'COLLEGE FOOTBALL 2025 through results of 2025 OCTOBER 18 SATURDAY - WEEK 8'}, 'sagarin_away': {'season': 2025, 'week': 6, 'team_raw': 'Ohio', 'team_norm': 'Ohio', 'team': 'Ohio', 'pr': 66.74, 'pr_rank': 79, 'sos': 59.87, 'sos_rank': 123, 'hfa': 4.37, 'source_url': 'http://sagarin.com/sports/cfsend.htm', 'fetched_at': '2025-10-24 15:55:24.524041+00:00', 'page_stamp': 'COLLEGE FOOTBALL 2025 through results of 2025 OCTOBER 18 SATURDAY - WEEK 8'}}",20.0,14.0
2025,6,2025-10-04T16:00:00Z,20251004_1600_wisconsin_michigan,401752856,Michigan,Michigan,Wisconsin,Wisconsin,,,,,,,,82.85,20.0,68.33,69.0,73.33,76.01,18.0,8.0,4.37,14.52,,,,,,35.0,17.8,256.8,183.2,440.0,78.2,213.8,292.0,1.2,3-1,,22,110,65,9,48,22,20.8,18.8,122.8,205.8,328.5,50.0,234.5,284.5,-0.5,2-2,,110,96,118,1,61,19,"{'schedule_row': {'id': 401752856, 'season': 2025, 'week': 6, 'kickoff_iso_utc': '2025-10-04T16:00:00Z', 'home_team': 'Michigan', 'away_team': 'Wisconsin', 'venue': 'Michigan Stadium', 'conference_game': True}, 'league_metrics_home': {'Team': 'Michigan', 'RY(O)': 256.8, 'R(O)_RY': 22, 'PY(O)': 183.2, 'R(O)_PY': 110, 'TY(O)': 440.0, 'R(O)_TY': 65, 'RY(D)': 78.2, 'R(D)_RY': 9, 'PY(D)': 213.8, 'R(D)_PY': 48, 'TY(D)': 292.0, 'R(D)_TY': 22, 'TO': 1.2, 'PF': 35.0, 'PA': 17.8, 'SU': '3-1', 'ATS': None}, 'league_metrics_away': {'Team': 'Wisconsin', 'RY(O)': 122.8, 'R(O)_RY': 110, 'PY(O)': 205.8, 'R(O)_PY': 96, 'TY(O)': 328.5, 'R(O)_TY': 118, 'RY(D)': 50.0, 'R(D)_RY': 1, 'PY(D)': 234.5, 'R(D)_PY': 61, 'TY(D)': 284.5, 'R(D)_TY': 19, 'TO': -0.5, 'PF': 20.8, 'PA': 18.8, 'SU': '2-2', 'ATS': None}, 'sagarin_home': {'season': 2025, 'week': 6, 'team_raw': 'Michigan', 'team_norm': 'Michigan', 'team': 'Michigan', 'pr': 82.85, 'pr_rank': 20, 'sos': 73.33, 'sos_rank': 18, 'hfa': 4.37, 'source_url': 'http://sagarin.com/sports/cfsend.htm', 'fetched_at': '2025-10-24 15:55:24.524041+00:00', 'page_stamp': 'COLLEGE FOOTBALL 2025 through results of 2025 OCTOBER 18 SATURDAY - WEEK 8'}, 'sagarin_away': {'season': 2025, 'week': 6, 'team_raw': 'Wisconsin', 'team_norm': 'Wisconsin', 'team': 'Wisconsin', 'pr': 68.33, 'pr_rank': 69, 'sos': 76.01, 'sos_rank': 8, 'hfa': 4.37, 'source_url': 'http://sagarin.com/sports/cfsend.htm', 'fetched_at': '2025-10-24 15:55:24.524041+00:00', 'page_stamp': 'COLLEGE FOOTBALL 2025 through results of 2025 OCTOBER 18 SATURDAY - WEEK 8'}}",24.0,10.0
2025,6,2025-10-04T17:00:00Z,20251004_1700_utsa_temple,401762479,Temple,Temple,UTSA,Utsa,,,,,,,,62.85,93.0,65.95,82.0,59.82,64.64,124.0,77.0,4.37,-3.1,,,,,,31.0,26.0,183.2,182.2,365.5,180.0,171.5,351.5,1.2,2-2,,67,111,105,83,23,41,31.2,30.2,214.2,200.0,414.2,117.2,288.8,406.0,0.8,2-2,,42,102,83,31,109,71,"{'schedule_row': {'id': 401762479, 'season': 2025, 'week': 6, 'kickoff_iso_utc': '2025-10-04T17:00:00Z', 'home_team': 'Temple', 'away_team': 'UTSA', 'venue': 'Lincoln Financial Field', 'conference_game': True}, 'league_metrics_home': {'Team': 'Temple', 'RY(O)': 183.2, 'R(O)_RY': 67, 'PY(O)': 182.2, 'R(O)_PY': 111, 'TY(O)': 365.5, 'R(O)_TY': 105, 'RY(D)': 180.0, 'R(D)_RY': 83, 'PY(D)': 171.5, 'R(D)_PY': 23, 'TY(D)': 351.5, 'R(D)_TY': 41, 'TO': 1.2, 'PF': 31.0, 'PA': 26.0, 'SU': '2-2', 'ATS': None}, 'league_metrics_away': {'Team': 'Utsa', 'RY(O)': 214.2, 'R(O)_RY': 42, 'PY(O)': 200.0, 'R(O)_PY': 102, 'TY(O)': 414.2, 'R(O)_TY': 83, 'RY(D)': 117.2, 'R(D)_RY': 31, 'PY(D)': 288.8, 'R(D)_PY': 109, 'TY(D)': 406.0, 'R(D)_TY': 71, 'TO': 0.8, 'PF': 31.2, 'PA': 30.2, 'SU': '2-2', 'ATS': None}, 'sagarin_home': {'season': 2025, 'week': 6, 'team_raw': 'Temple', 'team_norm': 'Temple', 'team': 'Temple', 'pr': 62.85, 'pr_rank': 93, 'sos': 59.82, 'sos_rank': 124, 'hfa': 4.37, 'source_url': 'http://sagarin.com/sports/cfsend.htm', 'fetched_at': '2025-10-24 15:55:24.524041+00:00', 'page_stamp': 'COLLEGE FOOTBALL 2025 through results of 2025 OCTOBER 18 SATURDAY - WEEK 8'}, 'sagarin_away': {'season': 2025, 'week': 6, 'team_raw': 'UTSA', 'team_norm': 'Utsa', 'team': 'Utsa', 'pr': 65.95, 'pr_rank': 82, 'sos': 64.64, 'sos_rank': 77, 'hfa': 4.37, 'source_url': 'http://sagarin.com/sports/cfsend.htm', 'fetched_at': '2025-10-24 15:55:24.524041+00:00', 'page_stamp': 'COLLEGE FOOTBALL 2025 through results of 2025 OCTOBER 18 SATURDAY - WEEK 8'}}",27.0,21.0
2025,6,2025-10-04T17:00:00Z,20251004_1700_wake_forest_virginia_tech,401754556,Virginia Tech,Virginia Tech,Wake Forest,Wake Forest,,,,,,,,67.99,71.0,70.38,63.0,72.08,64.7,27.0,76.0,4.37,-2.39,,,,,,23.6,28.0,157.2,221.0,378.2,139.8,219.0,358.8,-0.6,2-3,,53,55,43,78,96,89,26.2,20.8,168.5,243.0,411.5,140.0,200.5,340.5,-0.5,2-2,,79,78,84,48,35,36,"{'schedule_row': {'id': 401754556, 'season': 2025, 'week': 6, 'kickoff_iso_utc': '2025-10-04T17:00:00Z', 'home_team': 'Virginia Tech', 'away_team': 'Wake Forest', 'venue': 'Lane Stadium', 'conference_game': True}, 'league_metrics_home': {'Team': 'Virginia Tech', 'RY(O)': 157.2, 'R(O)_RY': 53, 'PY(O)': 221.0, 'R(O)_PY': 55, 'TY(O)': 378.2, 'R(O)_TY': 43, 'RY(D)': 139.8, 'R(D)_RY': 78, 'PY(D)': 219.0, 'R(D)_PY': 96, 'TY(D)': 358.8, 'R(D)_TY': 89, 'TO': -0.6, 'PF': 23.6, 'PA': 28.0, 'SU': '2-3', 'ATS': None}, 'league_metrics_away': {'Team': 'Wake Forest', 'RY(O)': 168.5, 'R(O)_RY': 79, 'PY(O)': 243.0, 'R(O)_PY': 78, 'TY(O)': 411.5, 'R(O)_TY': 84, 'RY(D)': 140.0, 'R(D)_RY': 48, 'PY(D)': 200.5, 'R(D)_PY': 35, 'TY(D)': 340.5, 'R(D)_TY': 36, 'TO': -0.5, 'PF': 26.2, 'PA': 20.8, 'SU': '2-2', 'ATS': None}, 'sagarin_home': {'season': 2025, 'week': 6, 'team_raw': 'Virginia Tech', 'team_norm': 'Virginia Tech', 'team': 'Virginia Tech', 'pr': 67.99, 'pr_rank': 71, 'sos': 72.08, 'sos_rank': 27, 'hfa': 4.37, 'source_url': 'http://sagarin.com/sports/cfsend.htm', 'fetched_at': '2025-10-24 15:55:24.524041+00:00', 'page_stamp': 'COLLEGE FOOTBALL 2025 through results of 2025 OCTOBER 18 SATURDAY - WEEK 8'}, 'sagarin_away': {'season': 2025, 'week': 6, 'team_raw': 'Wake Forest', 'team_norm': 'Wake Forest', 'team': 'Wake Forest', 'pr': 70.38, 'pr_rank': 63, 'sos': 64.7, 'sos_rank': 76, 'hfa': 4.37, 'source_url': 'http://sagarin.com/sports/cfsend.htm', 'fetched_at': '2025-10-24 15:55:24.524041+00:00', 'page_stamp': 'COLLEGE FOOTBALL 2025 through results of 2025 OCTOBER 18 SATURDAY - WEEK 8'}}",23.0,30.0
2025,6,2025-10-04T18:30:00Z,20251004_1830_western_michigan_massachusetts,401762832,Massachusetts,Massachusetts,Western Michigan,Western Michigan,,,,,,,,42.09,134.0,65.69,84.0,60.34,62.37,118.0,105.0,4.37,-23.6,,,,,,12.2,39.5,62.2,163.5,225.8,185.2,270.2,455.5,-0.2,0-4,,127,116,130,86,92,93,19.4,24.2,133.0,144.6,277.6,142.2,184.0,326.2,0.4,2-3,,81,112,111,81,56,74,"{'schedule_row': {'id': 401762832, 'season': 2025, 'week': 6, 'kickoff_iso_utc': '2025-10-04T18:30:00Z', 'home_team': 'Massachusetts', 'away_team': 'Western Michigan', 'venue': 'Warren McGuirk Alumni Stadium', 'conference_game': True}, 'league_metrics_home': {'Team': 'Massachusetts', 'RY(O)': 62.2, 'R(O)_RY': 127, 'PY(O)': 163.5, 'R(O)_PY': 116, 'TY(O)': 225.8, 'R(O)_TY': 130, 'RY(D)': 185.2, 'R(D)_RY': 86, 'PY(D)': 270.2, 'R(D)_PY': 92, 'TY(D)': 455.5, 'R(D)_TY': 93, 'TO': -0.2, 'PF': 12.2, 'PA': 39.5, 'SU': '0-4', 'ATS': None}, 'league_metrics_away': {'Team': 'Western Michigan', 'RY(O)': 133.0, 'R(O)_RY': 81, 'PY(O)': 144.6, 'R(O)_PY': 112, 'TY(O)': 277.6, 'R(O)_TY': 111, 'RY(D)': 142.2, 'R(D)_RY': 81, 'PY(D)': 184.0, 'R(D)_PY': 56, 'TY(D)': 326.2, 'R(D)_TY': 74, 'TO': 0.4, 'PF': 19.4, 'PA': 24.2, 'SU': '2-3', 'ATS': None}, 'sagarin_home': {'season': 2025, 'week': 6, 'team_raw': 'Massachusetts', 'team_norm': 'Massachusetts', 'team': 'Massachusetts', 'pr': 42.09, 'pr_rank': 134, 'sos': 60.34, 'sos_rank': 118, 'hfa': 4.37, 'source_url': 'http://sagarin.com/sports/cfsend.htm', 'fetched_at': '2025-10-24 15:55:24.524041+00:00', 'page_stamp': 'COLLEGE FOOTBALL 2025 through results of 2025 OCTOBER 18 SATURDAY - WEEK 8'}, 'sagarin_away': {'season': 2025, 'week': 6, 'team_raw': 'Western Michigan', 'team_norm': 'Western Michigan', 'team': 'Western Michigan', 'pr': 65.69, 'pr_rank': 84, 'sos': 62.37, 'sos_rank': 105, 'hfa': 4.37, 'source_url': 'http://sagarin.com/sports/cfsend.htm', 'fetched_at': '2025-10-24 15:55:24.524041+00:00', 'page_stamp': 'COLLEGE FOOTBALL 2025 through results of 2025 OCTOBER 18 SATURDAY - WEEK 8'}}",3.0,21.0
2025,6,2025-10-04T19:00:00Z,20251004_1900_oklahoma_state_arizona,401756910,Arizona,Arizona,Oklahoma State,Oklahoma State,,,,,,,,71.42,61.0,53.94,119.0,67.23,68.71,61.0,50.0,4.37,17.48,,,,,,31.2,16.2,169.0,249.5,418.5,100.8,166.8,267.5,1.2,3-1,,78,74,79,22,18,13,17.2,35.0,153.5,202.0,355.5,213.0,260.0,473.0,0.2,1-3,,84,100,107,105,81,102,"{'schedule_row': {'id': 401756910, 'season': 2025, 'week': 6, 'kickoff_iso_utc': '2025-10-04T19:00:00Z', 'home_team': 'Arizona', 'away_team': 'Oklahoma State', 'venue': 'Arizona Stadium', 'conference_game': True}, 'league_metrics_home': {'Team': 'Arizona', 'RY(O)': 169.0, 'R(O)_RY': 78, 'PY(O)': 249.5, 'R(O)_PY': 74, 'TY(O)': 418.5, 'R(O)_TY': 79, 'RY(D)': 100.8, 'R(D)_RY': 22, 'PY(D)': 166.8, 'R(D)_PY': 18, 'TY(D)': 267.5, 'R(D)_TY': 13, 'TO': 1.2, 'PF': 31.2, 'PA': 16.2, 'SU': '3-1', 'ATS': None}, 'league_metrics_away': {'Team': 'Oklahoma State', 'RY(O)': 153.5, 'R(O)_RY': 84, 'PY(O)': 202.0, 'R(O)_PY': 100, 'TY(O)': 355.5, 'R(O)_TY': 107, 'RY(D)': 213.0, 'R(D)_RY': 105, 'PY(D)': 260.0, 'R(D)_PY': 81, 'TY(D)': 473.0, 'R(D)_TY': 102, 'TO': 0.2, 'PF': 17.2, 'PA': 35.0, 'SU': '1-3', 'ATS': None}, 'sagarin_home': {'season': 2025, 'week': 6, 'team_raw': 'Arizona', 'team_norm': 'Arizona', 'team': 'Arizona', 'pr': 71.42, 'pr_rank': 61, 'sos': 67.23, 'sos_rank': 61, 'hfa': 4.37, 'source_url': 'http://sagarin.com/sports/cfsend.htm', 'fetched_at': '2025-10-24 15:55:24.524041+00:00', 'page_stamp': 'COLLEGE FOOTBALL 2025 through results of 2025 OCTOBER 18 SATURDAY - WEEK 8'}, 'sagarin_away': {'season': 2025, 'week': 6, 'team_raw': 'Oklahoma State', 'team_norm': 'Oklahoma State', 'team': 'Oklahoma State', 'pr': 53.94, 'pr_rank': 119, 'sos': 68.71, 'sos_rank': 50, 'hfa': 4.37, 'source_url': 'http://sagarin.com/sports/cfsend.htm', 'fetched_at': '2025-10-24 15:55:24.524041+00:00', 'page_stamp': 'COLLEGE FOOTBALL 2025 through results of 2025 OCTOBER 18 SATURDAY - WEEK 8'}}",41.0,13.0
2025,6,2025-10-04T19:30:00Z,20251004_1930_boise_state_notre_dame_fighting_irish,401757165,Notre Dame,Notre Dame Fighting Irish,Boise State,Boise State,,,,,,,,91.65,3.0,76.6,43.0,77.43,63.86,6.0,87.0,4.37,15.05,,,,,,44.0,27.8,175.0,306.5,481.5,122.8,268.8,391.5,0.2,2-2,,73,32,40,37,90,62,38.5,24.8,221.8,299.0,520.8,155.5,185.5,341.0,0.8,3-1,,39,37,31,57,28,37,"{'schedule_row': {'id': 401757165, 'season': 2025, 'week': 6, 'kickoff_iso_utc': '2025-10-04T19:30:00Z', 'home_team': 'Notre Dame', 'away_team': 'Boise State', 'venue': 'Notre Dame Stadium', 'conference_game': False}, 'league_metrics_home': {'Team': 'Notre Dame Fighting Irish', 'RY(O)': 175.0, 'R(O)_RY': 73, 'PY(O)': 306.5, 'R(O)_PY': 32, 'TY(O)': 481.5, 'R(O)_TY': 40, 'RY(D)': 122.8, 'R(D)_RY': 37, 'PY(D)': 268.8, 'R(D)_PY': 90, 'TY(D)': 391.5, 'R(D)_TY': 62, 'TO': 0.2, 'PF': 44.0, 'PA': 27.8, 'SU': '2-2', 'ATS': None}, 'league_metrics_away': {'Team': 'Boise State', 'RY(O)': 221.8, 'R(O)_RY': 39, 'PY(O)': 299.0, 'R(O)_PY': 37, 'TY(O)': 520.8, 'R(O)_TY': 31, 'RY(D)': 155.5, 'R(D)_RY': 57, 'PY(D)': 185.5, 'R(D)_PY': 28, 'TY(D)': 341.0, 'R(D)_TY': 37, 'TO': 0.8, 'PF': 38.5, 'PA': 24.8, 'SU': '3-1', 'ATS': None}, 'sagarin_home': {'season': 2025, 'week': 6, 'team_raw': 'Notre Dame', 'team_norm': 'Notre Dame Fighting Irish', 'team': 'Notre Dame Fighting Irish', 'pr': 91.65, 'pr_rank': 3, 'sos': 77.43, 'sos_rank': 6, 'hfa': 4.37, 'source_url': 'http://sagarin.com/sports/cfsend.htm', 'fetched_at': '2025-10-24 15:55:24.524041+00:00', 'page_stamp': 'COLLEGE FOOTBALL 2025 through results of 2025 OCTOBER 18 SATURDAY - WEEK 8'}, 'sagarin_away': {'season': 2025, 'week': 6, 'team_raw': 'Boise State', 'team_norm': 'Boise State', 'team': 'Boise State', 'pr': 76.6, 'pr_rank': 43, 'sos': 63.86, 'sos_rank': 87, 'hfa': 4.37, 'source_url': 'http://sagarin.com/sports/cfsend.htm', 'fetched_at': '2025-10-24 15:55:24.524041+00:00', 'page_stamp': 'COLLEGE FOOTBALL 2025 through results of 2025 OCTOBER 18 SATURDAY - WEEK 8'}}",28.0,7.0
2025,6,2025-10-04T19:30:00Z,20251004_1930_central_michigan_akron,401762829,Akron,Akron,Central Michigan,Central Michigan,,,,,,,,50.21,128.0,59.63,108.0,60.51,62.28,117.0,106.0,4.37,-9.42,,,,,,16.4,32.2,139.8,162.2,302.0,182.2,288.0,470.2,0.4,1-4,,74,99,102,114,129,127,21.8,29.0,182.8,153.0,335.8,157.2,219.8,377.0,0.6,3-2,,33,105,76,94,97,101,"{'schedule_row': {'id': 401762829, 'season': 2025, 'week': 6, 'kickoff_iso_utc': '2025-10-04T19:30:00Z', 'home_team': 'Akron', 'away_team': 'Central Michigan', 'venue': 'InfoCision Stadium', 'conference_game': True}, 'league_metrics_home': {'Team': 'Akron', 'RY(O)': 139.8, 'R(O)_RY': 74, 'PY(O)': 162.2, 'R(O)_PY': 99, 'TY(O)': 302.0, 'R(O)_TY': 102, 'RY(D)': 182.2, 'R(D)_RY': 114, 'PY(D)': 288.0, 'R(D)_PY': 129, 'TY(D)': 470.2, 'R(D)_TY': 127, 'TO': 0.4, 'PF': 16.4, 'PA': 32.2, 'SU': '1-4', 'ATS': None}, 'league_metrics_away': {'Team': 'Central Michigan', 'RY(O)': 182.8, 'R(O)_RY': 33, 'PY(O)': 153.0, 'R(O)_PY': 105, 'TY(O)': 335.8, 'R(O)_TY': 76, 'RY(D)': 157.2, 'R(D)_RY': 94, 'PY(D)': 219.8, 'R(D)_PY': 97, 'TY(D)': 377.0, 'R(D)_TY': 101, 'TO': 0.6, 'PF': 21.8, 'PA': 29.0, 'SU': '3-2', 'ATS': None}, 'sagarin_home': {'season': 2025, 'week': 6, 'team_raw': 'Akron', 'team_norm': 'Akron', 'team': 'Akron', 'pr': 50.21, 'pr_rank': 128, 'sos': 60.51, 'sos_rank': 117, 'hfa': 4.37, 'source_url': 'http://sagarin.com/sports/cfsend.htm', 'fetched_at': '2025-10-24 15:55:24.524041+00:00', 'page_stamp': 'COLLEGE FOOTBALL 2025 through results of 2025 OCTOBER 18 SATURDAY - WEEK 8'}, 'sagarin_away': {'season': 2025, 'week': 6, 'team_raw': 'Central Michigan', 'team_norm': 'Central Michigan', 'team': 'Central Michigan', 'pr': 59.63, 'pr_rank': 108, 'sos': 62.28, 'sos_rank': 106, 'hfa': 4.37, 'source_url': 'http://sagarin.com/sports/cfsend.htm', 'fetched_at': '2025-10-24 15:55:24.524041+00:00', 'page_stamp': 'COLLEGE FOOTBALL 2025 through results of 2025 OCTOBER 18 SATURDAY - WEEK 8'}}",28.0,22.0
2025,6,2025-10-04T19:30:00Z,20251004_1930_eastern_michigan_buffalo,401762831,Buffalo,Buffalo,Eastern Michigan,Eastern Michigan,,,,,,,,57.96,113.0,53.52,120.0,54.45,61.06,152.0,112.0,4.37,4.44,,,,,,24.0,19.6,178.4,167.2,345.6,127.2,208.2,335.4,0.0,2-3,,38,93,71,60,82,78,24.0,36.6,140.4,233.6,374.0,280.2,213.8,494.0,-0.2,1-4,,72,42,47,125,88,129,"{'schedule_row': {'id': 401762831, 'season': 2025, 'week': 6, 'kickoff_iso_utc': '2025-10-04T19:30:00Z', 'home_team': 'Buffalo', 'away_team': 'Eastern Michigan', 'venue': 'UB Stadium', 'conference_game': True}, 'league_metrics_home': {'Team': 'Buffalo', 'RY(O)': 178.4, 'R(O)_RY': 38, 'PY(O)': 167.2, 'R(O)_PY': 93, 'TY(O)': 345.6, 'R(O)_TY': 71, 'RY(D)': 127.2, 'R(D)_RY': 60, 'PY(D)': 208.2, 'R(D)_PY': 82, 'TY(D)': 335.4, 'R(D)_TY': 78, 'TO': 0.0, 'PF': 24.0, 'PA': 19.6, 'SU': '2-3', 'ATS': None}, 'league_metrics_away': {'Team': 'Eastern Michigan', 'RY(O)': 140.4, 'R(O)_RY': 72, 'PY(O)': 233.6, 'R(O)_PY': 42, 'TY(O)': 374.0, 'R(O)_TY': 47, 'RY(D)': 280.2, 'R(D)_RY': 125, 'PY(D)': 213.8, 'R(D)_PY': 88, 'TY(D)': 494.0, 'R(D)_TY': 129, 'TO': -0.2, 'PF': 24.0, 'PA': 36.6, 'SU': '1-4', 'ATS': None}, 'sagarin_home': {'season': 2025, 'week': 6, 'team_raw': 'Buffalo', 'team_norm': 'Buffalo', 'team': 'Buffalo', 'pr': 57.96, 'pr_rank': 113, 'sos': 54.45, 'sos_rank': 152, 'hfa': 4.37, 'source_url': 'http://sagarin.com/sports/cfsend.htm', 'fetched_at': '2025-10-24 15:55:24.524041+00:00', 'page_stamp': 'COLLEGE FOOTBALL 2025 through results of 2025 OCTOBER 18 SATURDAY - WEEK 8'}, 'sagarin_away': {'season': 2025, 'week': 6, 'team_raw': 'Eastern Michigan', 'team_norm': 'Eastern Michigan', 'team': 'Eastern Michigan', 'pr': 53.52, 'pr_rank': 120, 'sos': 61.06, 'sos_rank': 112, 'hfa': 4.37, 'source_url': 'http://sagarin.com/sports/cfsend.htm', 'fetched_at': '2025-10-24 15:55:24.524041+00:00', 'page_stamp': 'COLLEGE FOOTBALL 2025 through results of 2025 OCTOBER 18 SATURDAY - WEEK 8'}}",31.0,30.0
2025,6,2025-10-04T19:30:00Z,20251004_1930_florida_international_uconn,401757171,UConn,Uconn,Florida International,Florida International,,,,,,,,69.23,68.0,56.57,115.0,58.46,61.17,132.0,110.0,4.37,12.66,,,,,,34.2,25.2,200.2,268.8,469.0,159.8,232.8,392.6,0.6,3-2,,29,18,15,96,110,110,24.0,27.2,187.0,192.2,379.2,147.2,250.5,397.8,-0.2,2-2,,63,104,101,51,75,66,"{'schedule_row': {'id': 401757171, 'season': 2025, 'week': 6, 'kickoff_iso_utc': '2025-10-04T19:30:00Z', 'home_team': 'UConn', 'away_team': 'Florida International', 'venue': 'Pratt & Whitney Stadium', 'conference_game': False}, 'league_metrics_home': {'Team': 'Uconn', 'RY(O)': 200.2, 'R(O)_RY': 29, 'PY(O)': 268.8, 'R(O)_PY': 18, 'TY(O)': 469.0, 'R(O)_TY': 15, 'RY(D)': 159.8, 'R(D)_RY': 96, 'PY(D)': 232.8, 'R(D)_PY': 110, 'TY(D)': 392.6, 'R(D)_TY': 110, 'TO': 0.6, 'PF': 34.2, 'PA': 25.2, 'SU': '3-2', 'ATS': None}, 'league_metrics_away': {'Team': 'Florida International', 'RY(O)': 187.0, 'R(O)_RY': 63, 'PY(O)': 192.2, 'R(O)_PY': 104, 'TY(O)': 379.2, 'R(O)_TY': 101, 'RY(D)': 147.2, 'R(D)_RY': 51, 'PY(D)': 250.5, 'R(D)_PY': 75, 'TY(D)': 397.8, 'R(D)_TY': 66, 'TO': -0.2, 'PF': 24.0, 'PA': 27.2, 'SU': '2-2', 'ATS': None}, 'sagarin_home': {'season': 2025, 'week': 6, 'team_raw': 'Connecticut', 'team_norm': 'Connecticut', 'team': 'Connecticut', 'pr': 69.23, 'pr_rank': 68, 'sos': 58.46, 'sos_rank': 132, 'hfa': 4.37, 'source_url': 'http://sagarin.com/sports/cfsend.htm', 'fetched_at': '2025-10-24 15:55:24.524041+00:00', 'page_stamp': 'COLLEGE FOOTBALL 2025 through results of 2025 OCTOBER 18 SATURDAY - WEEK 8'}, 'sagarin_away': {'season': 2025, 'week': 6, 'team_raw': 'Fla. International', 'team_norm': 'Fla. International', 'team': 'Fla. International', 'pr': 56.57, 'pr_rank': 115, 'sos': 61.17, 'sos_rank': 110, 'hfa': 4.37, 'source_url': 'http://sagarin.com/sports/cfsend.htm', 'fetched_at': '2025-10-24 15:55:24.524041+00:00', 'page_stamp': 'COLLEGE FOOTBALL 2025 through results of 2025 OCTOBER 18 SATURDAY - WEEK 8'}}",51.0,10.0
2025,6,2025-10-04T19:30:00Z,20251004_1930_james_madison_georgia_state,401761618,Georgia State,Georgia State,James Madison,James Madison,,,,,,,,49.33,129.0,74.42,47.0,68.29,59.5,53.0,125.0,4.37,-25.09,,,,,,20.2,48.0,109.5,238.8,348.2,227.5,276.0,503.5,-0.8,1-3,,117,80,108,113,99,116,31.2,15.2,253.8,160.8,414.5,91.8,118.8,210.5,-0.2,3-1,,26,117,82,15,4,2,"{'schedule_row': {'id': 401761618, 'season': 2025, 'week': 6, 'kickoff_iso_utc': '2025-10-04T19:30:00Z', 'home_team': 'Georgia State', 'away_team': 'James Madison', 'venue': 'Center Parc Stadium', 'conference_game': True}, 'league_metrics_home': {'Team': 'Georgia State', 'RY(O)': 109.5, 'R(O)_RY': 117, 'PY(O)': 238.8, 'R(O)_PY': 80, 'TY(O)': 348.2, 'R(O)_TY': 108, 'RY(D)': 227.5, 'R(D)_RY': 113, 'PY(D)': 276.0, 'R(D)_PY': 99, 'TY(D)': 503.5, 'R(D)_TY': 116, 'TO': -0.8, 'PF': 20.2, 'PA': 48.0, 'SU': '1-3', 'ATS': None}, 'league_metrics_away': {'Team': 'James Madison', 'RY(O)': 253.8, 'R(O)_RY': 26, 'PY(O)': 160.8, 'R(O)_PY': 117, 'TY(O)': 414.5, 'R(O)_TY': 82, 'RY(D)': 91.8, 'R(D)_RY': 15, 'PY(D)': 118.8, 'R(D)_PY': 4, 'TY(D)': 210.5, 'R(D)_TY': 2, 'TO': -0.2, 'PF': 31.2, 'PA': 15.2, 'SU': '3-1', 'ATS': None}, 'sagarin_home': {'season': 2025, 'week': 6, 'team_raw': 'Georgia State', 'team_norm': 'Georgia State', 'team': 'Georgia State', 'pr': 49.33, 'pr_rank': 129, 'sos': 68.29, 'sos_rank': 53, 'hfa': 4.37, 'source_url': 'http://sagarin.com/sports/cfsend.htm', 'fetched_at': '2025-10-24 15:55:24.524041+00:00', 'page_stamp': 'COLLEGE FOOTBALL 2025 through results of 2025 OCTOBER 18 SATURDAY - WEEK 8'}, 'sagarin_away': {'season': 2025, 'week': 6, 'team_raw': 'James Madison', 'team_norm': 'James Madison', 'team': 'James Madison', 'pr': 74.42, 'pr_rank': 47, 'sos': 59.5, 'sos_rank': 125, 'hfa': 4.37, 'source_url': 'http://sagarin.com/sports/cfsend.htm', 'fetched_at': '2025-10-24 15:55:24.524041+00:00', 'page_stamp': 'COLLEGE FOOTBALL 2025 through results of 2025 OCTOBER 18 SATURDAY - WEEK 8'}}",7.0,14.0
2025,6,2025-10-04T19:30:00Z,20251004_1930_miami_oh_northern_illinois,401762873,Northern Illinois,Northern Illinois,Miami (OH),Miami (oh),,,,,,,,53.02,123.0,63.59,90.0,64.56,58.72,78.0,129.0,4.37,-10.57,,,,,,10.2,20.2,149.8,99.8,249.5,148.2,171.0,319.2,0.2,1-3,,88,127,129,54,22,31,23.2,25.8,137.5,201.8,339.2,151.8,206.8,358.5,-0.2,1-3,,99,101,117,55,42,44,"{'schedule_row': {'id': 401762873, 'season': 2025, 'week': 6, 'kickoff_iso_utc': '2025-10-04T19:30:00Z', 'home_team': 'Northern Illinois', 'away_team': 'Miami (OH)', 'venue': 'Huskie Stadium', 'conference_game': True}, 'league_metrics_home': {'Team': 'Northern Illinois', 'RY(O)': 149.8, 'R(O)_RY': 88, 'PY(O)': 99.8, 'R(O)_PY': 127, 'TY(O)': 249.5, 'R(O)_TY': 129, 'RY(D)': 148.2, 'R(D)_RY': 54, 'PY(D)': 171.0, 'R(D)_PY': 22, 'TY(D)': 319.2, 'R(D)_TY': 31, 'TO': 0.2, 'PF': 10.2, 'PA': 20.2, 'SU': '1-3', 'ATS': None}, 'league_metrics_away': {'Team': 'Miami (oh)', 'RY(O)': 137.5, 'R(O)_RY': 99, 'PY(O)': 201.8, 'R(O)_PY': 101, 'TY(O)': 339.2, 'R(O)_TY': 117, 'RY(D)': 151.8, 'R(D)_RY': 55, 'PY(D)': 206.8, 'R(D)_PY': 42, 'TY(D)': 358.5, 'R(D)_TY': 44, 'TO': -0.2, 'PF': 23.2, 'PA': 25.8, 'SU': '1-3', 'ATS': None}, 'sagarin_home': {'season': 2025, 'week': 6, 'team_raw': 'Northern Illinois', 'team_norm': 'Northern Illinois', 'team': 'Northern Illinois', 'pr': 53.02, 'pr_rank': 123, 'sos': 64.56, 'sos_rank': 78, 'hfa': 4.37, 'source_url': 'http://sagarin.com/sports/cfsend.htm', 'fetched_at': '2025-10-24 15:55:24.524041+00:00', 'page_stamp': 'COLLEGE FOOTBALL 2025 through results of 2025 OCTOBER 18 SATURDAY - WEEK 8'}, 'sagarin_away': {'season': 2025, 'week': 6, 'team_raw': 'Miami-Ohio', 'team_norm': 'Miami-ohio', 'team': 'Miami-ohio', 'pr': 63.59, 'pr_rank': 90, 'sos': 58.72, 'sos_rank': 129, 'hfa': 4.37, 'source_url': 'http://sagarin.com/sports/cfsend.htm', 'fetched_at': '2025-10-24 15:55:24.524041+00:00', 'page_stamp': 'COLLEGE FOOTBALL 2025 through results of 2025 OCTOBER 18 SATURDAY - WEEK 8'}}",14.0,25.0
2025,6,2025-10-04T19:30:00Z,20251004_1930_oregon_state_app_state,401752940,App State,App State,Oregon State,Oregon State,,,,,,,,57.88,114.0,59.91,104.0,56.92,67.24,140.0,60.0,4.37,-2.03,,,,,,22.5,27.2,151.2,284.2,435.5,84.2,239.8,324.0,-1.8,2-2,,87,48,69,10,66,33,17.4,36.6,97.0,238.6,335.6,164.0,279.2,443.2,-0.6,0-5,,112,38,77,99,128,124,"{'schedule_row': {'id': 401752940, 'season': 2025, 'week': 6, 'kickoff_iso_utc': '2025-10-04T19:30:00Z', 'home_team': 'App State', 'away_team': 'Oregon State', 'venue': 'Kidd Brewer Stadium', 'conference_game': False}, 'league_metrics_home': {'Team': 'App State', 'RY(O)': 151.2, 'R(O)_RY': 87, 'PY(O)': 284.2, 'R(O)_PY': 48, 'TY(O)': 435.5, 'R(O)_TY': 69, 'RY(D)': 84.2, 'R(D)_RY': 10, 'PY(D)': 239.8, 'R(D)_PY': 66, 'TY(D)': 324.0, 'R(D)_TY': 33, 'TO': -1.8, 'PF': 22.5, 'PA': 27.2, 'SU': '2-2', 'ATS': None}, 'league_metrics_away': {'Team': 'Oregon State', 'RY(O)': 97.0, 'R(O)_RY': 112, 'PY(O)': 238.6, 'R(O)_PY': 38, 'TY(O)': 335.6, 'R(O)_TY': 77, 'RY(D)': 164.0, 'R(D)_RY': 99, 'PY(D)': 279.2, 'R(D)_PY': 128, 'TY(D)': 443.2, 'R(D)_TY': 124, 'TO': -0.6, 'PF': 17.4, 'PA': 36.6, 'SU': '0-5', 'ATS': None}, 'sagarin_home': {'season': 2025, 'week': 6, 'team_raw': 'Appalachian State', 'team_norm': 'Appalachian State', 'team': 'Appalachian State', 'pr': 57.88, 'pr_rank': 114, 'sos': 56.92, 'sos_rank': 140, 'hfa': 4.37, 'source_url': 'http://sagarin.com/sports/cfsend.htm', 'fetched_at': '2025-10-24 15:55:24.524041+00:00', 'page_stamp': 'COLLEGE FOOTBALL 2025 through results of 2025 OCTOBER 18 SATURDAY - WEEK 8'}, 'sagarin_away': {'season': 2025, 'week': 6, 'team_raw': 'Oregon State', 'team_norm': 'Oregon State', 'team': 'Oregon State', 'pr': 59.91, 'pr_rank': 104, 'sos': 67.24, 'sos_rank': 60, 'hfa': 4.37, 'source_url': 'http://sagarin.com/sports/cfsend.htm', 'fetched_at': '2025-10-24 15:55:24.524041+00:00', 'page_stamp': 'COLLEGE FOOTBALL 2025 through results of 2025 OCTOBER 18 SATURDAY - WEEK 8'}}",27.0,23.0
2025,6,2025-10-04T19:30:00Z,20251004_1930_penn_state_ucla,401752855,UCLA,Ucla,Penn State,Penn State,,,,,,,,71.44,60.0,83.77,16.0,72.31,67.5,24.0,56.0,4.37,-12.33,,,,,,14.2,31.2,124.2,197.0,321.2,233.5,169.0,402.5,-0.5,0-4,,107,103,120,115,20,68,39.0,11.8,180.0,217.0,397.0,119.8,154.5,274.2,1.2,3-1,,69,89,91,35,13,16,"{'schedule_row': {'id': 401752855, 'season': 2025, 'week': 6, 'kickoff_iso_utc': '2025-10-04T19:30:00Z', 'home_team': 'UCLA', 'away_team': 'Penn State', 'venue': 'Rose Bowl', 'conference_game': True}, 'league_metrics_home': {'Team': 'Ucla', 'RY(O)': 124.2, 'R(O)_RY': 107, 'PY(O)': 197.0, 'R(O)_PY': 103, 'TY(O)': 321.2, 'R(O)_TY': 120, 'RY(D)': 233.5, 'R(D)_RY': 115, 'PY(D)': 169.0, 'R(D)_PY': 20, 'TY(D)': 402.5, 'R(D)_TY': 68, 'TO': -0.5, 'PF': 14.2, 'PA': 31.2, 'SU': '0-4', 'ATS': None}, 'league_metrics_away': {'Team': 'Penn State', 'RY(O)': 180.0, 'R(O)_RY': 69, 'PY(O)': 217.0, 'R(O)_PY': 89, 'TY(O)': 397.0, 'R(O)_TY': 91, 'RY(D)': 119.8, 'R(D)_RY': 35, 'PY(D)': 154.5, 'R(D)_PY': 13, 'TY(D)': 274.2, 'R(D)_TY': 16, 'TO': 1.2, 'PF': 39.0, 'PA': 11.8, 'SU': '3-1', 'ATS': None}, 'sagarin_home': {'season': 2025, 'week': 6, 'team_raw': 'UCLA', 'team_norm': 'Ucla', 'team': 'Ucla', 'pr': 71.44, 'pr_rank': 60, 'sos': 72.31, 'sos_rank': 24, 'hfa': 4.37, 'source_url': 'http://sagarin.com/sports/cfsend.htm', 'fetched_at': '2025-10-24 15:55:24.524041+00:00', 'page_stamp': 'COLLEGE FOOTBALL 2025 through results of 2025 OCTOBER 18 SATURDAY - WEEK 8'}, 'sagarin_away': {'season': 2025, 'week': 6, 'team_raw': 'Penn State', 'team_norm': 'Penn State', 'team': 'Penn State', 'pr': 83.77, 'pr_rank': 16, 'sos': 67.5, 'sos_rank': 56, 'hfa': 4.37, 'source_url': 'http://sagarin.com/sports/cfsend.htm', 'fetched_at': '2025-10-24 15:55:24.524041+00:00', 'page_stamp': 'COLLEGE FOOTBALL 2025 through results of 2025 OCTOBER 18 SATURDAY - WEEK 8'}}",42.0,37.0
2025,6,2025-10-04T19:30:00Z,20251004_1930_syracuse_smu,401754555,SMU,Smu,Syracuse,Syracuse,,,,,,,,80.17,27.0,70.97,62.0,67.15,74.41,62.0,13.0,4.37,9.2,,,,,,34.8,26.5,141.0,281.5,422.5,115.2,334.5,449.8,0.2,2-2,,96,51,75,30,127,90,31.2,29.6,112.8,329.0,441.8,177.0,290.6,467.6,-0.8,3-2,,96,5,23,107,130,125,"{'schedule_row': {'id': 401754555, 'season': 2025, 'week': 6, 'kickoff_iso_utc': '2025-10-04T19:30:00Z', 'home_team': 'SMU', 'away_team': 'Syracuse', 'venue': 'Gerald J. Ford Stadium', 'conference_game': True}, 'league_metrics_home': {'Team': 'Smu', 'RY(O)': 141.0, 'R(O)_RY': 96, 'PY(O)': 281.5, 'R(O)_PY': 51, 'TY(O)': 422.5, 'R(O)_TY': 75, 'RY(D)': 115.2, 'R(D)_RY': 30, 'PY(D)': 334.5, 'R(D)_PY': 127, 'TY(D)': 449.8, 'R(D)_TY': 90, 'TO': 0.2, 'PF': 34.8, 'PA': 26.5, 'SU': '2-2', 'ATS': None}, 'league_metrics_away': {'Team': 'Syracuse', 'RY(O)': 112.8, 'R(O)_RY': 96, 'PY(O)': 329.0, 'R(O)_PY': 5, 'TY(O)': 441.8, 'R(O)_TY': 23, 'RY(D)': 177.0, 'R(D)_RY': 107, 'PY(D)': 290.6, 'R(D)_PY': 130, 'TY(D)': 467.6, 'R(D)_TY': 125, 'TO': -0.8, 'PF': 31.2, 'PA': 29.6, 'SU': '3-2', 'ATS': None}, 'sagarin_home': {'season': 2025, 'week': 6, 'team_raw': 'SMU', 'team_norm': 'Smu', 'team': 'Smu', 'pr': 80.17, 'pr_rank': 27, 'sos': 67.15, 'sos_rank': 62, 'hfa': 4.37, 'source_url': 'http://sagarin.com/sports/cfsend.htm', 'fetched_at': '2025-10-24 15:55:24.524041+00:00', 'page_stamp': 'COLLEGE FOOTBALL 2025 through results of 2025 OCTOBER 18 SATURDAY - WEEK 8'}, 'sagarin_away': {'season': 2025, 'week': 6, 'team_raw': 'Syracuse', 'team_norm': 'Syracuse', 'team': 'Syracuse', 'pr': 70.97, 'pr_rank': 62, 'sos': 74.41, 'sos_rank': 13, 'hfa': 4.37, 'source_url': 'http://sagarin.com/sports/cfsend.htm', 'fetched_at': '2025-10-24 15:55:24.524041+00:00', 'page_stamp': 'COLLEGE FOOTBALL 2025 through results of 2025 OCTOBER 18 SATURDAY - WEEK 8'}}",31.0,18.0
2025,6,2025-10-04T19:30:00Z,20251004_1930_texas_longhorns_florida,401752727,Florida,Florida,Texas,Texas Longhorns,,,,,,,,81.05,24.0,87.49,9.0,80.4,71.93,1.0,28.0,4.37,-6.44,,,,,,22.0,16.0,123.0,205.2,328.2,114.0,173.0,287.0,-0.5,1-3,,109,97,119,28,24,21,31.8,7.8,203.0,236.0,439.0,59.8,152.2,212.0,0.8,3-1,,52,81,66,3,11,3,"{'schedule_row': {'id': 401752727, 'season': 2025, 'week': 6, 'kickoff_iso_utc': '2025-10-04T19:30:00Z', 'home_team': 'Florida', 'away_team': 'Texas', 'venue': 'Ben Hill Griffin Stadium', 'conference_game': True}, 'league_metrics_home': {'Team': 'Florida', 'RY(O)': 123.0, 'R(O)_RY': 109, 'PY(O)': 205.2, 'R(O)_PY': 97, 'TY(O)': 328.2, 'R(O)_TY': 119, 'RY(D)': 114.0, 'R(D)_RY': 28, 'PY(D)': 173.0, 'R(D)_PY': 24, 'TY(D)': 287.0, 'R(D)_TY': 21, 'TO': -0.5, 'PF': 22.0, 'PA': 16.0, 'SU': '1-3', 'ATS': None}, 'league_metrics_away': {'Team': 'Texas Longhorns', 'RY(O)': 203.0, 'R(O)_RY': 52, 'PY(O)': 236.0, 'R(O)_PY': 81, 'TY(O)': 439.0, 'R(O)_TY': 66, 'RY(D)': 59.8, 'R(D)_RY': 3, 'PY(D)': 152.2, 'R(D)_PY': 11, 'TY(D)': 212.0, 'R(D)_TY': 3, 'TO': 0.8, 'PF': 31.8, 'PA': 7.8, 'SU': '3-1', 'ATS': None}, 'sagarin_home': {'season': 2025, 'week': 6, 'team_raw': 'Florida', 'team_norm': 'Florida', 'team': 'Florida', 'pr': 81.05, 'pr_rank': 24, 'sos': 80.4, 'sos_rank': 1, 'hfa': 4.37, 'source_url': 'http://sagarin.com/sports/cfsend.htm', 'fetched_at': '2025-10-24 15:55:24.524041+00:00', 'page_stamp': 'COLLEGE FOOTBALL 2025 through results of 2025 OCTOBER 18 SATURDAY - WEEK 8'}, 'sagarin_away': {'season': 2025, 'week': 6, 'team_raw': 'Texas', 'team_norm': 'Texas Longhorns', 'team': 'Texas Longhorns', 'pr': 87.49, 'pr_rank': 9, 'sos': 71.93, 'sos_rank': 28, 'hfa': 4.37, 'source_url': 'http://sagarin.com/sports/cfsend.htm', 'fetched_at': '2025-10-24 15:55:24.524041+00:00', 'page_stamp': 'COLLEGE FOOTBALL 2025 through results of 2025 OCTOBER 18 SATURDAY - WEEK 8'}}",29.0,21.0
2025,6,2025-10-04T19:30:00Z,20251004_1930_ul_monroe_northwestern,401752858,Northwestern,Northwestern,UL Monroe,Ul Monroe,,,,,,,,72.09,58.0,53.47,121.0,67.46,63.07,57.0,100.0,4.37,18.62,,,,,,19.0,19.5,183.5,164.0,347.5,161.8,159.8,321.5,-1.5,2-2,,66,115,109,63,15,32,22.0,28.5,218.5,125.5,344.0,85.8,279.5,365.2,0.0,3-1,,41,124,115,12,102,47,"{'schedule_row': {'id': 401752858, 'season': 2025, 'week': 6, 'kickoff_iso_utc': '2025-10-04T19:30:00Z', 'home_team': 'Northwestern', 'away_team': 'UL Monroe', 'venue': 'Lanny and Sharon Martin Stadium', 'conference_game': False}, 'league_metrics_home': {'Team': 'Northwestern', 'RY(O)': 183.5, 'R(O)_RY': 66, 'PY(O)': 164.0, 'R(O)_PY': 115, 'TY(O)': 347.5, 'R(O)_TY': 109, 'RY(D)': 161.8, 'R(D)_RY': 63, 'PY(D)': 159.8, 'R(D)_PY': 15, 'TY(D)': 321.5, 'R(D)_TY': 32, 'TO': -1.5, 'PF': 19.0, 'PA': 19.5, 'SU': '2-2', 'ATS': None}, 'league_metrics_away': {'Team': 'Ul Monroe', 'RY(O)': 218.5, 'R(O)_RY': 41, 'PY(O)': 125.5, 'R(O)_PY': 124, 'TY(O)': 344.0, 'R(O)_TY': 115, 'RY(D)': 85.8, 'R(D)_RY': 12, 'PY(D)': 279.5, 'R(D)_PY': 102, 'TY(D)': 365.2, 'R(D)_TY': 47, 'TO': 0.0, 'PF': 22.0, 'PA': 28.5, 'SU': '3-1', 'ATS': None}, 'sagarin_home': {'season': 2025, 'week': 6, 'team_raw': 'Northwestern', 'team_norm': 'Northwestern', 'team': 'Northwestern', 'pr': 72.09, 'pr_rank': 58, 'sos': 67.46, 'sos_rank': 57, 'hfa': 4.37, 'source_url': 'http://sagarin.com/sports/cfsend.htm', 'fetched_at': '2025-10-24 15:55:24.524041+00:00', 'page_stamp': 'COLLEGE FOOTBALL 2025 through results of 2025 OCTOBER 18 SATURDAY - WEEK 8'}, 'sagarin_away': {'season': 2025, 'week': 6, 'team_raw': 'LouisianaMonroe(ULM)', 'team_norm': 'Louisianamonroe(ulm)', 'team': 'Louisianamonroe(ulm)', 'pr': 53.47, 'pr_rank': 121, 'sos': 63.07, 'sos_rank': 100, 'hfa': 4.37, 'source_url': 'http://sagarin.com/sports/cfsend.htm', 'fetched_at': '2025-10-24 15:55:24.524041+00:00', 'page_stamp': 'COLLEGE FOOTBALL 2025 through results of 2025 OCTOBER 18 SATURDAY - WEEK 8'}}",42.0,7.0
2025,6,2025-10-04T19:30:00Z,20251004_1930_vanderbilt_alabama_crimson_tide,401752726,Alabama,Alabama Crimson Tide,Vanderbilt,Vanderbilt,,,,,,,,91.34,4.0,83.66,17.0,78.01,69.15,3.0,47.0,4.37,7.68,,,,,,38.0,16.5,122.0,321.8,443.8,160.5,113.5,274.0,1.8,3-1,,111,25,62,61,2,15,49.0,17.2,224.2,271.0,495.2,79.6,199.2,278.8,1.0,5-0,,13,16,10,21,73,40,"{'schedule_row': {'id': 401752726, 'season': 2025, 'week': 6, 'kickoff_iso_utc': '2025-10-04T19:30:00Z', 'home_team': 'Alabama', 'away_team': 'Vanderbilt', 'venue': 'Bryant-Denny Stadium', 'conference_game': True}, 'league_metrics_home': {'Team': 'Alabama Crimson Tide', 'RY(O)': 122.0, 'R(O)_RY': 111, 'PY(O)': 321.8, 'R(O)_PY': 25, 'TY(O)': 443.8, 'R(O)_TY': 62, 'RY(D)': 160.5, 'R(D)_RY': 61, 'PY(D)': 113.5, 'R(D)_PY': 2, 'TY(D)': 274.0, 'R(D)_TY': 15, 'TO': 1.8, 'PF': 38.0, 'PA': 16.5, 'SU': '3-1', 'ATS': None}, 'league_metrics_away': {'Team': 'Vanderbilt', 'RY(O)': 224.2, 'R(O)_RY': 13, 'PY(O)': 271.0, 'R(O)_PY': 16, 'TY(O)': 495.2, 'R(O)_TY': 10, 'RY(D)': 79.6, 'R(D)_RY': 21, 'PY(D)': 199.2, 'R(D)_PY': 73, 'TY(D)': 278.8, 'R(D)_TY': 40, 'TO': 1.0, 'PF': 49.0, 'PA': 17.2, 'SU': '5-0', 'ATS': None}, 'sagarin_home': {'season': 2025, 'week': 6, 'team_raw': 'Alabama', 'team_norm': 'Alabama Crimson Tide', 'team': 'Alabama Crimson Tide', 'pr': 91.34, 'pr_rank': 4, 'sos': 78.01, 'sos_rank': 3, 'hfa': 4.37, 'source_url': 'http://sagarin.com/sports/cfsend.htm', 'fetched_at': '2025-10-24 15:55:24.524041+00:00', 'page_stamp': 'COLLEGE FOOTBALL 2025 through results of 2025 OCTOBER 18 SATURDAY - WEEK 8'}, 'sagarin_away': {'season': 2025, 'week': 6, 'team_raw': 'Vanderbilt', 'team_norm': 'Vanderbilt', 'team': 'Vanderbilt', 'pr': 83.66, 'pr_rank': 17, 'sos': 69.15, 'sos_rank': 47, 'hfa': 4.37, 'source_url': 'http://sagarin.com/sports/cfsend.htm', 'fetched_at': '2025-10-24 15:55:24.524041+00:00', 'page_stamp': 'COLLEGE FOOTBALL 2025 through results of 2025 OCTOBER 18 SATURDAY - WEEK 8'}}",30.0,14.0
2025,6,2025-10-04T19:30:00Z,20251004_1930_virginia_louisville,401754554,Louisville,Louisville,Virginia,Virginia,,,,,,,,83.17,19.0,78.32,32.0,71.0,66.32,42.0,67.0,4.37,4.85,,,,,,38.2,18.8,130.5,279.0,409.5,117.5,150.8,268.2,0.8,4-0,,103,54,85,32,10,14,45.6,23.2,246.8,296.2,543.0,134.4,222.2,356.6,0.2,4-1,,7,11,4,70,101,87,"{'schedule_row': {'id': 401754554, 'season': 2025, 'week': 6, 'kickoff_iso_utc': '2025-10-04T19:30:00Z', 'home_team': 'Louisville', 'away_team': 'Virginia', 'venue': 'L&N Federal Credit Union Stadium', 'conference_game': True}, 'league_metrics_home': {'Team': 'Louisville', 'RY(O)': 130.5, 'R(O)_RY': 103, 'PY(O)': 279.0, 'R(O)_PY': 54, 'TY(O)': 409.5, 'R(O)_TY': 85, 'RY(D)': 117.5, 'R(D)_RY': 32, 'PY(D)': 150.8, 'R(D)_PY': 10, 'TY(D)': 268.2, 'R(D)_TY': 14, 'TO': 0.8, 'PF': 38.2, 'PA': 18.8, 'SU': '4-0', 'ATS': None}, 'league_metrics_away': {'Team': 'Virginia', 'RY(O)': 246.8, 'R(O)_RY': 7, 'PY(O)': 296.2, 'R(O)_PY': 11, 'TY(O)': 543.0, 'R(O)_TY': 4, 'RY(D)': 134.4, 'R(D)_RY': 70, 'PY(D)': 222.2, 'R(D)_PY': 101, 'TY(D)': 356.6, 'R(D)_TY': 87, 'TO': 0.2, 'PF': 45.6, 'PA': 23.2, 'SU': '4-1', 'ATS': None}, 'sagarin_home': {'season': 2025, 'week': 6, 'team_raw': 'Louisville', 'team_norm': 'Louisville', 'team': 'Louisville', 'pr': 83.17, 'pr_rank': 19, 'sos': 71.0, 'sos_rank': 42, 'hfa': 4.37, 'source_url': 'http://sagarin.com/sports/cfsend.htm', 'fetched_at': '2025-10-24 15:55:24.524041+00:00', 'page_stamp': 'COLLEGE FOOTBALL 2025 through results of 2025 OCTOBER 18 SATURDAY - WEEK 8'}, 'sagarin_away': {'season': 2025, 'week': 6, 'team_raw': 'Virginia', 'team_norm': 'Virginia', 'team': 'Virginia', 'pr': 78.32, 'pr_rank': 32, 'sos': 66.32, 'sos_rank': 67, 'hfa': 4.37, 'source_url': 'http://sagarin.com/sports/cfsend.htm', 'fetched_at': '2025-10-24 15:55:24.524041+00:00', 'page_stamp': 'COLLEGE FOOTBALL 2025 through results of 2025 OCTOBER 18 SATURDAY - WEEK 8'}}",27.0,30.0
2025,6,2025-10-04T19:30:00Z,20251004_1930_washington_maryland,401752857,Maryland,Maryland,Washington,Washington,,,,,,,,71.69,59.0,80.8,25.0,63.97,71.81,83.0,31.0,4.37,-9.11,,,,,,32.5,10.8,102.8,265.8,368.5,92.2,208.2,300.5,1.8,4-0,,120,59,104,16,44,27,43.2,19.8,210.8,250.2,461.0,84.5,201.8,286.2,1.2,3-1,,47,73,51,11,36,20,"{'schedule_row': {'id': 401752857, 'season': 2025, 'week': 6, 'kickoff_iso_utc': '2025-10-04T19:30:00Z', 'home_team': 'Maryland', 'away_team': 'Washington', 'venue': 'SECU Stadium', 'conference_game': True}, 'league_metrics_home': {'Team': 'Maryland', 'RY(O)': 102.8, 'R(O)_RY': 120, 'PY(O)': 265.8, 'R(O)_PY': 59, 'TY(O)': 368.5, 'R(O)_TY': 104, 'RY(D)': 92.2, 'R(D)_RY': 16, 'PY(D)': 208.2, 'R(D)_PY': 44, 'TY(D)': 300.5, 'R(D)_TY': 27, 'TO': 1.8, 'PF': 32.5, 'PA': 10.8, 'SU': '4-0', 'ATS': None}, 'league_metrics_away': {'Team': 'Washington', 'RY(O)': 210.8, 'R(O)_RY': 47, 'PY(O)': 250.2, 'R(O)_PY': 73, 'TY(O)': 461.0, 'R(O)_TY': 51, 'RY(D)': 84.5, 'R(D)_RY': 11, 'PY(D)': 201.8, 'R(D)_PY': 36, 'TY(D)': 286.2, 'R(D)_TY': 20, 'TO': 1.2, 'PF': 43.2, 'PA': 19.8, 'SU': '3-1', 'ATS': None}, 'sagarin_home': {'season': 2025, 'week': 6, 'team_raw': 'Maryland', 'team_norm': 'Maryland', 'team': 'Maryland', 'pr': 71.69, 'pr_rank': 59, 'sos': 63.97, 'sos_rank': 83, 'hfa': 4.37, 'source_url': 'http://sagarin.com/sports/cfsend.htm', 'fetched_at': '2025-10-24 15:55:24.524041+00:00', 'page_stamp': 'COLLEGE FOOTBALL 2025 through results of 2025 OCTOBER 18 SATURDAY - WEEK 8'}, 'sagarin_away': {'season': 2025, 'week': 6, 'team_raw': 'Washington', 'team_norm': 'Washington', 'team': 'Washington', 'pr': 80.8, 'pr_rank': 25, 'sos': 71.81, 'sos_rank': 31, 'hfa': 4.37, 'source_url': 'http://sagarin.com/sports/cfsend.htm', 'fetched_at': '2025-10-24 15:55:24.524041+00:00', 'page_stamp': 'COLLEGE FOOTBALL 2025 through results of 2025 OCTOBER 18 SATURDAY - WEEK 8'}}",20.0,24.0
2025,6,2025-10-04T20:00:00Z,20251004_2000_kent_state_oklahoma,401752729,Oklahoma,Oklahoma,Kent State,Kent State,,,,,,,,84.37,13.0,45.63,132.0,70.95,68.36,44.0,52.0,4.37,38.74,,,,,,31.2,9.0,126.0,305.0,431.0,89.2,118.5,207.8,-1.5,4-0,,106,34,72,13,3,1,18.2,44.0,87.5,204.0,291.5,260.2,285.5,545.8,-0.2,1-3,,126,98,125,120,107,123,"{'schedule_row': {'id': 401752729, 'season': 2025, 'week': 6, 'kickoff_iso_utc': '2025-10-04T20:00:00Z', 'home_team': 'Oklahoma', 'away_team': 'Kent State', 'venue': 'Memorial Stadium (Norman, OK)', 'conference_game': False}, 'league_metrics_home': {'Team': 'Oklahoma', 'RY(O)': 126.0, 'R(O)_RY': 106, 'PY(O)': 305.0, 'R(O)_PY': 34, 'TY(O)': 431.0, 'R(O)_TY': 72, 'RY(D)': 89.2, 'R(D)_RY': 13, 'PY(D)': 118.5, 'R(D)_PY': 3, 'TY(D)': 207.8, 'R(D)_TY': 1, 'TO': -1.5, 'PF': 31.2, 'PA': 9.0, 'SU': '4-0', 'ATS': None}, 'league_metrics_away': {'Team': 'Kent State', 'RY(O)': 87.5, 'R(O)_RY': 126, 'PY(O)': 204.0, 'R(O)_PY': 98, 'TY(O)': 291.5, 'R(O)_TY': 125, 'RY(D)': 260.2, 'R(D)_RY': 120, 'PY(D)': 285.5, 'R(D)_PY': 107, 'TY(D)': 545.8, 'R(D)_TY': 123, 'TO': -0.2, 'PF': 18.2, 'PA': 44.0, 'SU': '1-3', 'ATS': None}, 'sagarin_home': {'season': 2025, 'week': 6, 'team_raw': 'Oklahoma', 'team_norm': 'Oklahoma', 'team': 'Oklahoma', 'pr': 84.37, 'pr_rank': 13, 'sos': 70.95, 'sos_rank': 44, 'hfa': 4.37, 'source_url': 'http://sagarin.com/sports/cfsend.htm', 'fetched_at': '2025-10-24 15:55:24.524041+00:00', 'page_stamp': 'COLLEGE FOOTBALL 2025 through results of 2025 OCTOBER 18 SATURDAY - WEEK 8'}, 'sagarin_away': {'season': 2025, 'week': 6, 'team_raw': 'Kent State', 'team_norm': 'Kent State', 'team': 'Kent State', 'pr': 45.63, 'pr_rank': 132, 'sos': 68.36, 'sos_rank': 52, 'hfa': 4.37, 'source_url': 'http://sagarin.com/sports/cfsend.htm', 'fetched_at': '2025-10-24 15:55:24.524041+00:00', 'page_stamp': 'COLLEGE FOOTBALL 2025 through results of 2025 OCTOBER 18 SATURDAY - WEEK 8'}}",44.0,0.0
2025,6,2025-10-04T20:00:00Z,20251004_2000_michigan_state_nebraska,401752860,Nebraska,Nebraska,Michigan State,Michigan State,,,,,,,,76.88,40.0,69.34,67.0,68.17,71.14,54.0,40.0,4.37,7.54,,,,,,43.5,13.5,145.5,351.8,497.2,174.5,75.8,250.2,1.0,3-1,,92,14,33,77,1,11,34.2,28.8,153.0,220.2,373.2,119.0,263.5,382.5,0.0,3-1,,85,87,103,34,85,56,"{'schedule_row': {'id': 401752860, 'season': 2025, 'week': 6, 'kickoff_iso_utc': '2025-10-04T20:00:00Z', 'home_team': 'Nebraska', 'away_team': 'Michigan State', 'venue': 'Memorial Stadium (Lincoln, NE)', 'conference_game': True}, 'league_metrics_home': {'Team': 'Nebraska', 'RY(O)': 145.5, 'R(O)_RY': 92, 'PY(O)': 351.8, 'R(O)_PY': 14, 'TY(O)': 497.2, 'R(O)_TY': 33, 'RY(D)': 174.5, 'R(D)_RY': 77, 'PY(D)': 75.8, 'R(D)_PY': 1, 'TY(D)': 250.2, 'R(D)_TY': 11, 'TO': 1.0, 'PF': 43.5, 'PA': 13.5, 'SU': '3-1', 'ATS': None}, 'league_metrics_away': {'Team': 'Michigan State', 'RY(O)': 153.0, 'R(O)_RY': 85, 'PY(O)': 220.2, 'R(O)_PY': 87, 'TY(O)': 373.2, 'R(O)_TY': 103, 'RY(D)': 119.0, 'R(D)_RY': 34, 'PY(D)': 263.5, 'R(D)_PY': 85, 'TY(D)': 382.5, 'R(D)_TY': 56, 'TO': 0.0, 'PF': 34.2, 'PA': 28.8, 'SU': '3-1', 'ATS': None}, 'sagarin_home': {'season': 2025, 'week': 6, 'team_raw': 'Nebraska', 'team_norm': 'Nebraska', 'team': 'Nebraska', 'pr': 76.88, 'pr_rank': 40, 'sos': 68.17, 'sos_rank': 54, 'hfa': 4.37, 'source_url': 'http://sagarin.com/sports/cfsend.htm', 'fetched_at': '2025-10-24 15:55:24.524041+00:00', 'page_stamp': 'COLLEGE FOOTBALL 2025 through results of 2025 OCTOBER 18 SATURDAY - WEEK 8'}, 'sagarin_away': {'season': 2025, 'week': 6, 'team_raw': 'Michigan State', 'team_norm': 'Michigan State', 'team': 'Michigan State', 'pr': 69.34, 'pr_rank': 67, 'sos': 71.14, 'sos_rank': 40, 'hfa': 4.37, 'source_url': 'http://sagarin.com/sports/cfsend.htm', 'fetched_at': '2025-10-24 15:55:24.524041+00:00', 'page_stamp': 'COLLEGE FOOTBALL 2025 through results of 2025 OCTOBER 18 SATURDAY - WEEK 8'}}",38.0,27.0
2025,6,2025-10-04T20:00:00Z,20251004_2000_texas_state_arkansas_state,401761620,Arkansas State,Arkansas State,Texas State,Texas State,,,,,,,,59.72,107.0,66.82,78.0,63.75,63.36,88.0,93.0,4.37,-7.1,,,,,,21.8,32.0,113.8,242.6,356.4,203.4,265.8,469.2,0.0,1-4,,95,35,60,119,126,126,36.2,25.0,223.2,219.5,442.8,198.2,188.0,386.2,-0.8,3-1,,37,88,63,95,31,59,"{'schedule_row': {'id': 401761620, 'season': 2025, 'week': 6, 'kickoff_iso_utc': '2025-10-04T20:00:00Z', 'home_team': 'Arkansas State', 'away_team': 'Texas State', 'venue': 'Centennial Bank Stadium', 'conference_game': True}, 'league_metrics_home': {'Team': 'Arkansas State', 'RY(O)': 113.8, 'R(O)_RY': 95, 'PY(O)': 242.6, 'R(O)_PY': 35, 'TY(O)': 356.4, 'R(O)_TY': 60, 'RY(D)': 203.4, 'R(D)_RY': 119, 'PY(D)': 265.8, 'R(D)_PY': 126, 'TY(D)': 469.2, 'R(D)_TY': 126, 'TO': 0.0, 'PF': 21.8, 'PA': 32.0, 'SU': '1-4', 'ATS': None}, 'league_metrics_away': {'Team': 'Texas State', 'RY(O)': 223.2, 'R(O)_RY': 37, 'PY(O)': 219.5, 'R(O)_PY': 88, 'TY(O)': 442.8, 'R(O)_TY': 63, 'RY(D)': 198.2, 'R(D)_RY': 95, 'PY(D)': 188.0, 'R(D)_PY': 31, 'TY(D)': 386.2, 'R(D)_TY': 59, 'TO': -0.8, 'PF': 36.2, 'PA': 25.0, 'SU': '3-1', 'ATS': None}, 'sagarin_home': {'season': 2025, 'week': 6, 'team_raw': 'Arkansas State', 'team_norm': 'Arkansas State', 'team': 'Arkansas State', 'pr': 59.72, 'pr_rank': 107, 'sos': 63.75, 'sos_rank': 88, 'hfa': 4.37, 'source_url': 'http://sagarin.com/sports/cfsend.htm', 'fetched_at': '2025-10-24 15:55:24.524041+00:00', 'page_stamp': 'COLLEGE FOOTBALL 2025 through results of 2025 OCTOBER 18 SATURDAY - WEEK 8'}, 'sagarin_away': {'season': 2025, 'week': 6, 'team_raw': 'Texas State', 'team_norm': 'Texas State', 'team': 'Texas State', 'pr': 66.82, 'pr_rank': 78, 'sos': 63.36, 'sos_rank': 93, 'hfa': 4.37, 'source_url': 'http://sagarin.com/sports/cfsend.htm', 'fetched_at': '2025-10-24 15:55:24.524041+00:00', 'page_stamp': 'COLLEGE FOOTBALL 2025 through results of 2025 OCTOBER 18 SATURDAY - WEEK 8'}}",31.0,30.0
2025,6,2025-10-04T22:00:00Z,20251004_2200_coastal_carolina_old_dominion,401761619,Old Dominion,Old Dominion,Coastal Carolina,Coastal Carolina,,,,,,,,68.16,70.0,59.25,111.0,67.15,62.67,63.0,102.0,4.37,8.91,,,,,,33.5,16.5,239.0,230.0,469.0,185.5,159.5,345.0,0.2,3-1,,31,84,46,87,14,39,14.5,26.5,148.0,146.5,294.5,175.5,208.8,384.2,-1.2,2-2,,91,122,124,79,45,57,"{'schedule_row': {'id': 401761619, 'season': 2025, 'week': 6, 'kickoff_iso_utc': '2025-10-04T22:00:00Z', 'home_team': 'Old Dominion', 'away_team': 'Coastal Carolina', 'venue': 'S.B. Ballard Stadium', 'conference_game': True}, 'league_metrics_home': {'Team': 'Old Dominion', 'RY(O)': 239.0, 'R(O)_RY': 31, 'PY(O)': 230.0, 'R(O)_PY': 84, 'TY(O)': 469.0, 'R(O)_TY': 46, 'RY(D)': 185.5, 'R(D)_RY': 87, 'PY(D)': 159.5, 'R(D)_PY': 14, 'TY(D)': 345.0, 'R(D)_TY': 39, 'TO': 0.2, 'PF': 33.5, 'PA': 16.5, 'SU': '3-1', 'ATS': None}, 'league_metrics_away': {'Team': 'Coastal Carolina', 'RY(O)': 148.0, 'R(O)_RY': 91, 'PY(O)': 146.5, 'R(O)_PY': 122, 'TY(O)': 294.5, 'R(O)_TY': 124, 'RY(D)': 175.5, 'R(D)_RY': 79, 'PY(D)': 208.8, 'R(D)_PY': 45, 'TY(D)': 384.2, 'R(D)_TY': 57, 'TO': -1.2, 'PF': 14.5, 'PA': 26.5, 'SU': '2-2', 'ATS': None}, 'sagarin_home': {'season': 2025, 'week': 6, 'team_raw': 'Old Dominion', 'team_norm': 'Old Dominion', 'team': 'Old Dominion', 'pr': 68.16, 'pr_rank': 70, 'sos': 67.15, 'sos_rank': 63, 'hfa': 4.37, 'source_url': 'http://sagarin.com/sports/cfsend.htm', 'fetched_at': '2025-10-24 15:55:24.524041+00:00', 'page_stamp': 'COLLEGE FOOTBALL 2025 through results of 2025 OCTOBER 18 SATURDAY - WEEK 8'}, 'sagarin_away': {'season': 2025, 'week': 6, 'team_raw': 'Coastal Carolina', 'team_norm': 'Coastal Carolina', 'team': 'Coastal Carolina', 'pr': 59.25, 'pr_rank': 111, 'sos': 62.67, 'sos_rank': 102, 'hfa': 4.37, 'source_url': 'http://sagarin.com/sports/cfsend.htm', 'fetched_at': '2025-10-24 15:55:24.524041+00:00', 'page_stamp': 'COLLEGE FOOTBALL 2025 through results of 2025 OCTOBER 18 SATURDAY - WEEK 8'}}",47.0,7.0
2025,6,2025-10-04T23:00:00Z,20251004_2300_florida_atlantic_rice,401762477,Rice,Rice,Florida Atlantic,Florida Atlantic,,,,,,,,51.38,127.0,56.24,116.0,60.03,61.96,122.0,107.0,4.37,-4.86,,,,,,20.4,20.4,221.0,84.4,305.4,163.2,171.6,334.8,0.4,3-2,,14,126,98,97,49,77,29.2,36.5,120.0,325.5,445.5,174.2,218.8,393.0,-2.0,1-3,,113,23,60,76,51,63,"{'schedule_row': {'id': 401762477, 'season': 2025, 'week': 6, 'kickoff_iso_utc': '2025-10-04T23:00:00Z', 'home_team': 'Rice', 'away_team': 'Florida Atlantic', 'venue': 'Rice Stadium', 'conference_game': True}, 'league_metrics_home': {'Team': 'Rice', 'RY(O)': 221.0, 'R(O)_RY': 14, 'PY(O)': 84.4, 'R(O)_PY': 126, 'TY(O)': 305.4, 'R(O)_TY': 98, 'RY(D)': 163.2, 'R(D)_RY': 97, 'PY(D)': 171.6, 'R(D)_PY': 49, 'TY(D)': 334.8, 'R(D)_TY': 77, 'TO': 0.4, 'PF': 20.4, 'PA': 20.4, 'SU': '3-2', 'ATS': None}, 'league_metrics_away': {'Team': 'Florida Atlantic', 'RY(O)': 120.0, 'R(O)_RY': 113, 'PY(O)': 325.5, 'R(O)_PY': 23, 'TY(O)': 445.5, 'R(O)_TY': 60, 'RY(D)': 174.2, 'R(D)_RY': 76, 'PY(D)': 218.8, 'R(D)_PY': 51, 'TY(D)': 393.0, 'R(D)_TY': 63, 'TO': -2.0, 'PF': 29.2, 'PA': 36.5, 'SU': '1-3', 'ATS': None}, 'sagarin_home': {'season': 2025, 'week': 6, 'team_raw': 'Rice', 'team_norm': 'Rice', 'team': 'Rice', 'pr': 51.38, 'pr_rank': 127, 'sos': 60.03, 'sos_rank': 122, 'hfa': 4.37, 'source_url': 'http://sagarin.com/sports/cfsend.htm', 'fetched_at': '2025-10-24 15:55:24.524041+00:00', 'page_stamp': 'COLLEGE FOOTBALL 2025 through results of 2025 OCTOBER 18 SATURDAY - WEEK 8'}, 'sagarin_away': {'season': 2025, 'week': 6, 'team_raw': 'Florida Atlantic', 'team_norm': 'Florida Atlantic', 'team': 'Florida Atlantic', 'pr': 56.24, 'pr_rank': 116, 'sos': 61.96, 'sos_rank': 107, 'hfa': 4.37, 'source_url': 'http://sagarin.com/sports/cfsend.htm', 'fetched_at': '2025-10-24 15:55:24.524041+00:00', 'page_stamp': 'COLLEGE FOOTBALL 2025 through results of 2025 OCTOBER 18 SATURDAY - WEEK 8'}}",21.0,27.0
2025,6,2025-10-04T23:00:00Z,20251004_2300_south_alabama_troy,401761621,Troy,Troy,South Alabama,South Alabama,,,,,,,,67.42,75.0,60.02,100.0,63.12,65.05,99.0,71.0,4.37,7.4,,,,,,20.5,23.0,138.2,160.2,298.5,131.8,186.5,318.2,-0.5,2-2,,97,118,123,40,29,30,25.2,31.8,190.0,192.8,382.8,200.0,162.4,362.4,-0.6,1-4,,32,79,42,118,37,91,"{'schedule_row': {'id': 401761621, 'season': 2025, 'week': 6, 'kickoff_iso_utc': '2025-10-04T23:00:00Z', 'home_team': 'Troy', 'away_team': 'South Alabama', 'venue': 'Veterans Memorial Stadium (AL)', 'conference_game': True}, 'league_metrics_home': {'Team': 'Troy', 'RY(O)': 138.2, 'R(O)_RY': 97, 'PY(O)': 160.2, 'R(O)_PY': 118, 'TY(O)': 298.5, 'R(O)_TY': 123, 'RY(D)': 131.8, 'R(D)_RY': 40, 'PY(D)': 186.5, 'R(D)_PY': 29, 'TY(D)': 318.2, 'R(D)_TY': 30, 'TO': -0.5, 'PF': 20.5, 'PA': 23.0, 'SU': '2-2', 'ATS': None}, 'league_metrics_away': {'Team': 'South Alabama', 'RY(O)': 190.0, 'R(O)_RY': 32, 'PY(O)': 192.8, 'R(O)_PY': 79, 'TY(O)': 382.8, 'R(O)_TY': 42, 'RY(D)': 200.0, 'R(D)_RY': 118, 'PY(D)': 162.4, 'R(D)_PY': 37, 'TY(D)': 362.4, 'R(D)_TY': 91, 'TO': -0.6, 'PF': 25.2, 'PA': 31.8, 'SU': '1-4', 'ATS': None}, 'sagarin_home': {'season': 2025, 'week': 6, 'team_raw': 'Troy', 'team_norm': 'Troy', 'team': 'Troy', 'pr': 67.42, 'pr_rank': 75, 'sos': 63.12, 'sos_rank': 99, 'hfa': 4.37, 'source_url': 'http://sagarin.com/sports/cfsend.htm', 'fetched_at': '2025-10-24 15:55:24.524041+00:00', 'page_stamp': 'COLLEGE FOOTBALL 2025 through results of 2025 OCTOBER 18 SATURDAY - WEEK 8'}, 'sagarin_away': {'season': 2025, 'week': 6, 'team_raw': 'South Alabama', 'team_norm': 'South Alabama', 'team': 'South Alabama', 'pr': 60.02, 'pr_rank': 100, 'sos': 65.05, 'sos_rank': 71, 'hfa': 4.37, 'source_url': 'http://sagarin.com/sports/cfsend.htm', 'fetched_at': '2025-10-24 15:55:24.524041+00:00', 'page_stamp': 'COLLEGE FOOTBALL 2025 through results of 2025 OCTOBER 18 SATURDAY - WEEK 8'}}",31.0,24.0
2025,6,2025-10-04T23:00:00Z,20251004_2300_texas_tech_houston,401756913,Houston,Houston,Texas Tech,Texas Tech,,,,,,,,73.04,53.0,84.67,12.0,63.7,65.71,90.0,69.0,4.37,-11.63,,,,,,31.2,13.2,172.8,208.0,380.8,125.2,140.2,265.5,1.2,4-0,,75,94,99,38,7,12,52.0,11.2,208.5,365.5,574.0,56.5,181.2,237.8,1.0,4-0,,48,13,16,2,26,7,"{'schedule_row': {'id': 401756913, 'season': 2025, 'week': 6, 'kickoff_iso_utc': '2025-10-04T23:00:00Z', 'home_team': 'Houston', 'away_team': 'Texas Tech', 'venue': 'TDECU Stadium', 'conference_game': True}, 'league_metrics_home': {'Team': 'Houston', 'RY(O)': 172.8, 'R(O)_RY': 75, 'PY(O)': 208.0, 'R(O)_PY': 94, 'TY(O)': 380.8, 'R(O)_TY': 99, 'RY(D)': 125.2, 'R(D)_RY': 38, 'PY(D)': 140.2, 'R(D)_PY': 7, 'TY(D)': 265.5, 'R(D)_TY': 12, 'TO': 1.2, 'PF': 31.2, 'PA': 13.2, 'SU': '4-0', 'ATS': None}, 'league_metrics_away': {'Team': 'Texas Tech', 'RY(O)': 208.5, 'R(O)_RY': 48, 'PY(O)': 365.5, 'R(O)_PY': 13, 'TY(O)': 574.0, 'R(O)_TY': 16, 'RY(D)': 56.5, 'R(D)_RY': 2, 'PY(D)': 181.2, 'R(D)_PY': 26, 'TY(D)': 237.8, 'R(D)_TY': 7, 'TO': 1.0, 'PF': 52.0, 'PA': 11.2, 'SU': '4-0', 'ATS': None}, 'sagarin_home': {'season': 2025, 'week': 6, 'team_raw': 'Houston', 'team_norm': 'Houston', 'team': 'Houston', 'pr': 73.04, 'pr_rank': 53, 'sos': 63.7, 'sos_rank': 90, 'hfa': 4.37, 'source_url': 'http://sagarin.com/sports/cfsend.htm', 'fetched_at': '2025-10-24 15:55:24.524041+00:00', 'page_stamp': 'COLLEGE FOOTBALL 2025 through results of 2025 OCTOBER 18 SATURDAY - WEEK 8'}, 'sagarin_away': {'season': 2025, 'week': 6, 'team_raw': 'Texas Tech', 'team_norm': 'Texas Tech', 'team': 'Texas Tech', 'pr': 84.67, 'pr_rank': 12, 'sos': 65.71, 'sos_rank': 69, 'hfa': 4.37, 'source_url': 'http://sagarin.com/sports/cfsend.htm', 'fetched_at': '2025-10-24 15:55:24.524041+00:00', 'page_stamp': 'COLLEGE FOOTBALL 2025 through results of 2025 OCTOBER 18 SATURDAY - WEEK 8'}}",11.0,35.0
2025,6,2025-10-04T23:00:00Z,20251004_2300_unlv_wyoming,401760385,Wyoming,Wyoming,UNLV,Unlv,,,,,,,,60.55,98.0,67.32,76.0,62.53,61.54,104.0,109.0,4.37,-6.77,,,,,,16.8,18.8,160.5,185.0,345.5,163.0,196.0,359.0,0.2,2-2,,82,108,113,64,33,45,36.8,28.2,206.5,244.2,450.8,152.2,275.5,427.8,1.5,4-0,,49,77,55,56,98,83,"{'schedule_row': {'id': 401760385, 'season': 2025, 'week': 6, 'kickoff_iso_utc': '2025-10-04T23:00:00Z', 'home_team': 'Wyoming', 'away_team': 'UNLV', 'venue': 'War Memorial Stadium', 'conference_game': True}, 'league_metrics_home': {'Team': 'Wyoming', 'RY(O)': 160.5, 'R(O)_RY': 82, 'PY(O)': 185.0, 'R(O)_PY': 108, 'TY(O)': 345.5, 'R(O)_TY': 113, 'RY(D)': 163.0, 'R(D)_RY': 64, 'PY(D)': 196.0, 'R(D)_PY': 33, 'TY(D)': 359.0, 'R(D)_TY': 45, 'TO': 0.2, 'PF': 16.8, 'PA': 18.8, 'SU': '2-2', 'ATS': None}, 'league_metrics_away': {'Team': 'Unlv', 'RY(O)': 206.5, 'R(O)_RY': 49, 'PY(O)': 244.2, 'R(O)_PY': 77, 'TY(O)': 450.8, 'R(O)_TY': 55, 'RY(D)': 152.2, 'R(D)_RY': 56, 'PY(D)': 275.5, 'R(D)_PY': 98, 'TY(D)': 427.8, 'R(D)_TY': 83, 'TO': 1.5, 'PF': 36.8, 'PA': 28.2, 'SU': '4-0', 'ATS': None}, 'sagarin_home': {'season': 2025, 'week': 6, 'team_raw': 'Wyoming', 'team_norm': 'Wyoming', 'team': 'Wyoming', 'pr': 60.55, 'pr_rank': 98, 'sos': 62.53, 'sos_rank': 104, 'hfa': 4.37, 'source_url': 'http://sagarin.com/sports/cfsend.htm', 'fetched_at': '2025-10-24 15:55:24.524041+00:00', 'page_stamp': 'COLLEGE FOOTBALL 2025 through results of 2025 OCTOBER 18 SATURDAY - WEEK 8'}, 'sagarin_away': {'season': 2025, 'week': 6, 'team_raw': 'UNLV', 'team_norm': 'Unlv', 'team': 'Unlv', 'pr': 67.32, 'pr_rank': 76, 'sos': 61.54, 'sos_rank': 109, 'hfa': 4.37, 'source_url': 'http://sagarin.com/sports/cfsend.htm', 'fetched_at': '2025-10-24 15:55:24.524041+00:00', 'page_stamp': 'COLLEGE FOOTBALL 2025 through results of 2025 OCTOBER 18 SATURDAY - WEEK 8'}}",17.0,31.0
2025,6,2025-10-04T23:30:00Z,20251004_2330_colorado_tcu,401756914,TCU,Tcu,Colorado,Colorado,,,,,,,,76.96,39.0,72.69,55.0,71.64,71.56,32.0,33.0,4.37,4.27,,,,,,37.2,21.5,134.8,320.8,455.5,132.5,257.2,389.8,0.0,3-1,,100,26,53,41,78,61,25.8,22.8,148.4,210.6,359.0,199.4,207.6,407.0,0.2,2-3,,64,64,57,117,80,118,"{'schedule_row': {'id': 401756914, 'season': 2025, 'week': 6, 'kickoff_iso_utc': '2025-10-04T23:30:00Z', 'home_team': 'TCU', 'away_team': 'Colorado', 'venue': 'Amon G. Carter Stadium', 'conference_game': True}, 'league_metrics_home': {'Team': 'Tcu', 'RY(O)': 134.8, 'R(O)_RY': 100, 'PY(O)': 320.8, 'R(O)_PY': 26, 'TY(O)': 455.5, 'R(O)_TY': 53, 'RY(D)': 132.5, 'R(D)_RY': 41, 'PY(D)': 257.2, 'R(D)_PY': 78, 'TY(D)': 389.8, 'R(D)_TY': 61, 'TO': 0.0, 'PF': 37.2, 'PA': 21.5, 'SU': '3-1', 'ATS': None}, 'league_metrics_away': {'Team': 'Colorado', 'RY(O)': 148.4, 'R(O)_RY': 64, 'PY(O)': 210.6, 'R(O)_PY': 64, 'TY(O)': 359.0, 'R(O)_TY': 57, 'RY(D)': 199.4, 'R(D)_RY': 117, 'PY(D)': 207.6, 'R(D)_PY': 80, 'TY(D)': 407.0, 'R(D)_TY': 118, 'TO': 0.2, 'PF': 25.8, 'PA': 22.8, 'SU': '2-3', 'ATS': None}, 'sagarin_home': {'season': 2025, 'week': 6, 'team_raw': 'TCU', 'team_norm': 'Tcu', 'team': 'Tcu', 'pr': 76.96, 'pr_rank': 39, 'sos': 71.64, 'sos_rank': 32, 'hfa': 4.37, 'source_url': 'http://sagarin.com/sports/cfsend.htm', 'fetched_at': '2025-10-24 15:55:24.524041+00:00', 'page_stamp': 'COLLEGE FOOTBALL 2025 through results of 2025 OCTOBER 18 SATURDAY - WEEK 8'}, 'sagarin_away': {'season': 2025, 'week': 6, 'team_raw': 'Colorado', 'team_norm': 'Colorado', 'team': 'Colorado', 'pr': 72.69, 'pr_rank': 55, 'sos': 71.56, 'sos_rank': 33, 'hfa': 4.37, 'source_url': 'http://sagarin.com/sports/cfsend.htm', 'fetched_at': '2025-10-24 15:55:24.524041+00:00', 'page_stamp': 'COLLEGE FOOTBALL 2025 through results of 2025 OCTOBER 18 SATURDAY - WEEK 8'}}",35.0,21.0
2025,6,2025-10-04T23:30:00Z,20251004_2330_kansas_ucf,401756915,UCF,Ucf,Kansas,Kansas,,,,,,,,72.17,57.0,74.4,48.0,64.13,70.1,82.0,46.0,4.37,-2.23,,,,,,34.8,15.0,203.5,234.5,438.0,164.5,129.8,294.2,0.8,3-1,,51,83,67,66,5,23,36.6,20.6,181.2,267.2,448.4,149.6,226.6,376.2,0.4,3-2,,35,19,19,88,105,100,"{'schedule_row': {'id': 401756915, 'season': 2025, 'week': 6, 'kickoff_iso_utc': '2025-10-04T23:30:00Z', 'home_team': 'UCF', 'away_team': 'Kansas', 'venue': 'FBC Mortgage Stadium', 'conference_game': True}, 'league_metrics_home': {'Team': 'Ucf', 'RY(O)': 203.5, 'R(O)_RY': 51, 'PY(O)': 234.5, 'R(O)_PY': 83, 'TY(O)': 438.0, 'R(O)_TY': 67, 'RY(D)': 164.5, 'R(D)_RY': 66, 'PY(D)': 129.8, 'R(D)_PY': 5, 'TY(D)': 294.2, 'R(D)_TY': 23, 'TO': 0.8, 'PF': 34.8, 'PA': 15.0, 'SU': '3-1', 'ATS': None}, 'league_metrics_away': {'Team': 'Kansas', 'RY(O)': 181.2, 'R(O)_RY': 35, 'PY(O)': 267.2, 'R(O)_PY': 19, 'TY(O)': 448.4, 'R(O)_TY': 19, 'RY(D)': 149.6, 'R(D)_RY': 88, 'PY(D)': 226.6, 'R(D)_PY': 105, 'TY(D)': 376.2, 'R(D)_TY': 100, 'TO': 0.4, 'PF': 36.6, 'PA': 20.6, 'SU': '3-2', 'ATS': None}, 'sagarin_home': {'season': 2025, 'week': 6, 'team_raw': 'Central Florida(UCF)', 'team_norm': 'Central Florida(ucf)', 'team': 'Central Florida(ucf)', 'pr': 72.17, 'pr_rank': 57, 'sos': 64.13, 'sos_rank': 82, 'hfa': 4.37, 'source_url': 'http://sagarin.com/sports/cfsend.htm', 'fetched_at': '2025-10-24 15:55:24.524041+00:00', 'page_stamp': 'COLLEGE FOOTBALL 2025 through results of 2025 OCTOBER 18 SATURDAY - WEEK 8'}, 'sagarin_away': {'season': 2025, 'week': 6, 'team_raw': 'Kansas', 'team_norm': 'Kansas', 'team': 'Kansas', 'pr': 74.4, 'pr_rank': 48, 'sos': 70.1, 'sos_rank': 46, 'hfa': 4.37, 'source_url': 'http://sagarin.com/sports/cfsend.htm', 'fetched_at': '2025-10-24 15:55:24.524041+00:00', 'page_stamp': 'COLLEGE FOOTBALL 2025 through results of 2025 OCTOBER 18 SATURDAY - WEEK 8'}}",20.0,27.0
2025,6,2025-10-04T23:30:00Z,20251004_2330_miami_florida_state,401754553,Florida State,Florida State,Miami,Miami,,,,,,,,77.2,38.0,88.29,8.0,72.19,75.95,25.0,9.0,4.37,-11.09,,,,,,53.0,19.0,336.8,263.8,600.5,111.5,184.5,296.0,0.0,3-1,,4,63,11,27,27,24,36.8,11.5,180.0,270.0,450.0,76.5,168.2,244.8,0.8,4-0,,69,57,56,7,19,9,"{'schedule_row': {'id': 401754553, 'season': 2025, 'week': 6, 'kickoff_iso_utc': '2025-10-04T23:30:00Z', 'home_team': 'Florida State', 'away_team': 'Miami', 'venue': 'Doak Campbell Stadium', 'conference_game': True}, 'league_metrics_home': {'Team': 'Florida State', 'RY(O)': 336.8, 'R(O)_RY': 4, 'PY(O)': 263.8, 'R(O)_PY': 63, 'TY(O)': 600.5, 'R(O)_TY': 11, 'RY(D)': 111.5, 'R(D)_RY': 27, 'PY(D)': 184.5, 'R(D)_PY': 27, 'TY(D)': 296.0, 'R(D)_TY': 24, 'TO': 0.0, 'PF': 53.0, 'PA': 19.0, 'SU': '3-1', 'ATS': None}, 'league_metrics_away': {'Team': 'Miami', 'RY(O)': 180.0, 'R(O)_RY': 69, 'PY(O)': 270.0, 'R(O)_PY': 57, 'TY(O)': 450.0, 'R(O)_TY': 56, 'RY(D)': 76.5, 'R(D)_RY': 7, 'PY(D)': 168.2, 'R(D)_PY': 19, 'TY(D)': 244.8, 'R(D)_TY': 9, 'TO': 0.8, 'PF': 36.8, 'PA': 11.5, 'SU': '4-0', 'ATS': None}, 'sagarin_home': {'season': 2025, 'week': 6, 'team_raw': 'Florida State', 'team_norm': 'Florida State', 'team': 'Florida State', 'pr': 77.2, 'pr_rank': 38, 'sos': 72.19, 'sos_rank': 25, 'hfa': 4.37, 'source_url': 'http://sagarin.com/sports/cfsend.htm', 'fetched_at': '2025-10-24 15:55:24.524041+00:00', 'page_stamp': 'COLLEGE FOOTBALL 2025 through results of 2025 OCTOBER 18 SATURDAY - WEEK 8'}, 'sagarin_away': {'season': 2025, 'week': 6, 'team_raw': 'Miami-Florida', 'team_norm': 'Miami-florida', 'team': 'Miami-florida', 'pr': 88.29, 'pr_rank': 8, 'sos': 75.95, 'sos_rank': 9, 'hfa': 4.37, 'source_url': 'http://sagarin.com/sports/cfsend.htm', 'fetched_at': '2025-10-24 15:55:24.524041+00:00', 'page_stamp': 'COLLEGE FOOTBALL 2025 through results of 2025 OCTOBER 18 SATURDAY - WEEK 8'}}",22.0,28.0
2025,6,2025-10-04T23:30:00Z,20251004_2330_minnesota_ohio_state_buckeyes,401752859,Ohio State,Ohio State Buckeyes,Minnesota,Minnesota,,,,,,,,96.38,1.0,75.17,45.0,73.12,64.84,20.0,75.0,4.37,21.21,,,,,,36.2,5.5,181.5,264.5,446.0,97.2,132.0,229.2,0.0,4-0,,68,62,59,18,6,5,33.5,16.2,144.8,261.2,406.0,67.0,164.5,231.5,0.5,3-1,,93,66,87,4,16,6,"{'schedule_row': {'id': 401752859, 'season': 2025, 'week': 6, 'kickoff_iso_utc': '2025-10-04T23:30:00Z', 'home_team': 'Ohio State', 'away_team': 'Minnesota', 'venue': 'Ohio Stadium', 'conference_game': True}, 'league_metrics_home': {'Team': 'Ohio State Buckeyes', 'RY(O)': 181.5, 'R(O)_RY': 68, 'PY(O)': 264.5, 'R(O)_PY': 62, 'TY(O)': 446.0, 'R(O)_TY': 59, 'RY(D)': 97.2, 'R(D)_RY': 18, 'PY(D)': 132.0, 'R(D)_PY': 6, 'TY(D)': 229.2, 'R(D)_TY': 5, 'TO': 0.0, 'PF': 36.2, 'PA': 5.5, 'SU': '4-0', 'ATS': None}, 'league_metrics_away': {'Team': 'Minnesota', 'RY(O)': 144.8, 'R(O)_RY': 93, 'PY(O)': 261.2, 'R(O)_PY': 66, 'TY(O)': 406.0, 'R(O)_TY': 87, 'RY(D)': 67.0, 'R(D)_RY': 4, 'PY(D)': 164.5, 'R(D)_PY': 16, 'TY(D)': 231.5, 'R(D)_TY': 6, 'TO': 0.5, 'PF': 33.5, 'PA': 16.2, 'SU': '3-1', 'ATS': None}, 'sagarin_home': {'season': 2025, 'week': 6, 'team_raw': 'Ohio State', 'team_norm': 'Ohio State Buckeyes', 'team': 'Ohio State Buckeyes', 'pr': 96.38, 'pr_rank': 1, 'sos': 73.12, 'sos_rank': 20, 'hfa': 4.37, 'source_url': 'http://sagarin.com/sports/cfsend.htm', 'fetched_at': '2025-10-24 15:55:24.524041+00:00', 'page_stamp': 'COLLEGE FOOTBALL 2025 through results of 2025 OCTOBER 18 SATURDAY - WEEK 8'}, 'sagarin_away': {'season': 2025, 'week': 6, 'team_raw': 'Minnesota', 'team_norm': 'Minnesota', 'team': 'Minnesota', 'pr': 75.17, 'pr_rank': 45, 'sos': 64.84, 'sos_rank': 75, 'hfa': 4.37, 'source_url': 'http://sagarin.com/sports/cfsend.htm', 'fetched_at': '2025-10-24 15:55:24.524041+00:00', 'page_stamp': 'COLLEGE FOOTBALL 2025 through results of 2025 OCTOBER 18 SATURDAY - WEEK 8'}}",42.0,3.0
2025,6,2025-10-04T23:30:00Z,20251004_2330_mississippi_state_texas_aandm,401752730,Texas A&M,Texas Aandm,Mississippi State,Mississippi State,,,,,,,,88.88,7.0,74.65,46.0,74.18,71.54,16.0,34.0,4.37,14.23,,,,,,35.8,24.0,169.5,294.2,463.8,117.2,190.0,307.2,-0.2,4-0,,77,40,50,31,32,28,38.6,17.6,205.2,225.6,430.8,136.6,169.0,305.6,1.2,4-1,,23,50,26,74,46,55,"{'schedule_row': {'id': 401752730, 'season': 2025, 'week': 6, 'kickoff_iso_utc': '2025-10-04T23:30:00Z', 'home_team': 'Texas A&M', 'away_team': 'Mississippi State', 'venue': 'Kyle Field', 'conference_game': True}, 'league_metrics_home': {'Team': 'Texas Aandm', 'RY(O)': 169.5, 'R(O)_RY': 77, 'PY(O)': 294.2, 'R(O)_PY': 40, 'TY(O)': 463.8, 'R(O)_TY': 50, 'RY(D)': 117.2, 'R(D)_RY': 31, 'PY(D)': 190.0, 'R(D)_PY': 32, 'TY(D)': 307.2, 'R(D)_TY': 28, 'TO': -0.2, 'PF': 35.8, 'PA': 24.0, 'SU': '4-0', 'ATS': None}, 'league_metrics_away': {'Team': 'Mississippi State', 'RY(O)': 205.2, 'R(O)_RY': 23, 'PY(O)': 225.6, 'R(O)_PY': 50, 'TY(O)': 430.8, 'R(O)_TY': 26, 'RY(D)': 136.6, 'R(D)_RY': 74, 'PY(D)': 169.0, 'R(D)_PY': 46, 'TY(D)': 305.6, 'R(D)_TY': 55, 'TO': 1.2, 'PF': 38.6, 'PA': 17.6, 'SU': '4-1', 'ATS': None}, 'sagarin_home': {'season': 2025, 'week': 6, 'team_raw': 'Texas A&M', 'team_norm': 'Texas Aandm', 'team': 'Texas Aandm', 'pr': 88.88, 'pr_rank': 7, 'sos': 74.18, 'sos_rank': 16, 'hfa': 4.37, 'source_url': 'http://sagarin.com/sports/cfsend.htm', 'fetched_at': '2025-10-24 15:55:24.524041+00:00', 'page_stamp': 'COLLEGE FOOTBALL 2025 through results of 2025 OCTOBER 18 SATURDAY - WEEK 8'}, 'sagarin_away': {'season': 2025, 'week': 6, 'team_raw': 'Mississippi State', 'team_norm': 'Mississippi State', 'team': 'Mississippi State', 'pr': 74.65, 'pr_rank': 46, 'sos': 71.54, 'sos_rank': 34, 'hfa': 4.37, 'source_url': 'http://sagarin.com/sports/cfsend.htm', 'fetched_at': '2025-10-24 15:55:24.524041+00:00', 'page_stamp': 'COLLEGE FOOTBALL 2025 through results of 2025 OCTOBER 18 SATURDAY - WEEK 8'}}",31.0,9.0
2025,6,2025-10-05T00:00:00Z,20251005_0000_tulsa_memphis,401762478,Memphis,Memphis,Tulsa,Tulsa,,,,,,,,74.09,50.0,52.86,124.0,58.62,63.96,130.0,85.0,4.37,21.23,,,,,,39.6,18.0,248.0,200.6,448.6,91.4,234.6,326.0,0.6,5-0,,6,72,18,29,112,73,21.0,22.6,169.4,224.8,394.2,179.4,191.2,370.6,-0.2,2-3,,45,52,36,109,64,96,"{'schedule_row': {'id': 401762478, 'season': 2025, 'week': 6, 'kickoff_iso_utc': '2025-10-05T00:00:00Z', 'home_team': 'Memphis', 'away_team': 'Tulsa', 'venue': 'Simmons Bank Liberty Stadium', 'conference_game': True}, 'league_metrics_home': {'Team': 'Memphis', 'RY(O)': 248.0, 'R(O)_RY': 6, 'PY(O)': 200.6, 'R(O)_PY': 72, 'TY(O)': 448.6, 'R(O)_TY': 18, 'RY(D)': 91.4, 'R(D)_RY': 29, 'PY(D)': 234.6, 'R(D)_PY': 112, 'TY(D)': 326.0, 'R(D)_TY': 73, 'TO': 0.6, 'PF': 39.6, 'PA': 18.0, 'SU': '5-0', 'ATS': None}, 'league_metrics_away': {'Team': 'Tulsa', 'RY(O)': 169.4, 'R(O)_RY': 45, 'PY(O)': 224.8, 'R(O)_PY': 52, 'TY(O)': 394.2, 'R(O)_TY': 36, 'RY(D)': 179.4, 'R(D)_RY': 109, 'PY(D)': 191.2, 'R(D)_PY': 64, 'TY(D)': 370.6, 'R(D)_TY': 96, 'TO': -0.2, 'PF': 21.0, 'PA': 22.6, 'SU': '2-3', 'ATS': None}, 'sagarin_home': {'season': 2025, 'week': 6, 'team_raw': 'Memphis', 'team_norm': 'Memphis', 'team': 'Memphis', 'pr': 74.09, 'pr_rank': 50, 'sos': 58.62, 'sos_rank': 130, 'hfa': 4.37, 'source_url': 'http://sagarin.com/sports/cfsend.htm', 'fetched_at': '2025-10-24 15:55:24.524041+00:00', 'page_stamp': 'COLLEGE FOOTBALL 2025 through results of 2025 OCTOBER 18 SATURDAY - WEEK 8'}, 'sagarin_away': {'season': 2025, 'week': 6, 'team_raw': 'Tulsa', 'team_norm': 'Tulsa', 'team': 'Tulsa', 'pr': 52.86, 'pr_rank': 124, 'sos': 63.96, 'sos_rank': 85, 'hfa': 4.37, 'source_url': 'http://sagarin.com/sports/cfsend.htm', 'fetched_at': '2025-10-24 15:55:24.524041+00:00', 'page_stamp': 'COLLEGE FOOTBALL 2025 through results of 2025 OCTOBER 18 SATURDAY - WEEK 8'}}",45.0,7.0
2025,6,2025-10-05T02:30:00Z,20251005_0230_duke_california,401754551,California,California,Duke,Duke,,,,,,,,67.74,72.0,76.74,42.0,64.97,71.88,72.0,29.0,4.37,-9.0,,,,,,24.8,18.0,110.0,255.4,365.4,111.8,195.8,307.6,0.2,4-1,,99,29,52,47,69,58,34.8,26.4,153.0,319.0,472.0,139.6,254.2,393.8,0.2,3-2,,58,8,13,77,122,111,"{'schedule_row': {'id': 401754551, 'season': 2025, 'week': 6, 'kickoff_iso_utc': '2025-10-05T02:30:00Z', 'home_team': 'California', 'away_team': 'Duke', 'venue': 'California Memorial Stadium', 'conference_game': True}, 'league_metrics_home': {'Team': 'California', 'RY(O)': 110.0, 'R(O)_RY': 99, 'PY(O)': 255.4, 'R(O)_PY': 29, 'TY(O)': 365.4, 'R(O)_TY': 52, 'RY(D)': 111.8, 'R(D)_RY': 47, 'PY(D)': 195.8, 'R(D)_PY': 69, 'TY(D)': 307.6, 'R(D)_TY': 58, 'TO': 0.2, 'PF': 24.8, 'PA': 18.0, 'SU': '4-1', 'ATS': None}, 'league_metrics_away': {'Team': 'Duke', 'RY(O)': 153.0, 'R(O)_RY': 58, 'PY(O)': 319.0, 'R(O)_PY': 8, 'TY(O)': 472.0, 'R(O)_TY': 13, 'RY(D)': 139.6, 'R(D)_RY': 77, 'PY(D)': 254.2, 'R(D)_PY': 122, 'TY(D)': 393.8, 'R(D)_TY': 111, 'TO': 0.2, 'PF': 34.8, 'PA': 26.4, 'SU': '3-2', 'ATS': None}, 'sagarin_home': {'season': 2025, 'week': 6, 'team_raw': 'California', 'team_norm': 'California', 'team': 'California', 'pr': 67.74, 'pr_rank': 72, 'sos': 64.97, 'sos_rank': 72, 'hfa': 4.37, 'source_url': 'http://sagarin.com/sports/cfsend.htm', 'fetched_at': '2025-10-24 15:55:24.524041+00:00', 'page_stamp': 'COLLEGE FOOTBALL 2025 through results of 2025 OCTOBER 18 SATURDAY - WEEK 8'}, 'sagarin_away': {'season': 2025, 'week': 6, 'team_raw': 'Duke', 'team_norm': 'Duke', 'team': 'Duke', 'pr': 76.74, 'pr_rank': 42, 'sos': 71.88, 'sos_rank': 29, 'hfa': 4.37, 'source_url': 'http://sagarin.com/sports/cfsend.htm', 'fetched_at': '2025-10-24 15:55:24.524041+00:00', 'page_stamp': 'COLLEGE FOOTBALL 2025 through results of 2025 OCTOBER 18 SATURDAY - WEEK 8'}}",21.0,45.0
2025,6,2025-10-05T02:30:00Z,20251005_0230_nevada_fresno_state,401760383,Fresno State,Fresno State,Nevada,Nevada,,,,,,,,62.66,94.0,52.3,125.0,60.2,62.95,119.0,101.0,4.37,10.36,,,,,,32.8,20.0,175.4,197.6,373.0,110.6,214.4,325.0,-0.6,4-1,,40,76,48,46,89,72,15.0,27.0,189.5,150.0,339.5,132.8,247.8,380.5,-1.5,1-3,,60,121,116,42,71,54,"{'schedule_row': {'id': 401760383, 'season': 2025, 'week': 6, 'kickoff_iso_utc': '2025-10-05T02:30:00Z', 'home_team': 'Fresno State', 'away_team': 'Nevada', 'venue': ""Valley Children's Stadium"", 'conference_game': True}, 'league_metrics_home': {'Team': 'Fresno State', 'RY(O)': 175.4, 'R(O)_RY': 40, 'PY(O)': 197.6, 'R(O)_PY': 76, 'TY(O)': 373.0, 'R(O)_TY': 48, 'RY(D)': 110.6, 'R(D)_RY': 46, 'PY(D)': 214.4, 'R(D)_PY': 89, 'TY(D)': 325.0, 'R(D)_TY': 72, 'TO': -0.6, 'PF': 32.8, 'PA': 20.0, 'SU': '4-1', 'ATS': None}, 'league_metrics_away': {'Team': 'Nevada', 'RY(O)': 189.5, 'R(O)_RY': 60, 'PY(O)': 150.0, 'R(O)_PY': 121, 'TY(O)': 339.5, 'R(O)_TY': 116, 'RY(D)': 132.8, 'R(D)_RY': 42, 'PY(D)': 247.8, 'R(D)_PY': 71, 'TY(D)': 380.5, 'R(D)_TY': 54, 'TO': -1.5, 'PF': 15.0, 'PA': 27.0, 'SU': '1-3', 'ATS': None}, 'sagarin_home': {'season': 2025, 'week': 6, 'team_raw': 'Fresno State', 'team_norm': 'Fresno State', 'team': 'Fresno State', 'pr': 62.66, 'pr_rank': 94, 'sos': 60.2, 'sos_rank': 119, 'hfa': 4.37, 'source_url': 'http://sagarin.com/sports/cfsend.htm', 'fetched_at': '2025-10-24 15:55:24.524041+00:00', 'page_stamp': 'COLLEGE FOOTBALL 2025 through results of 2025 OCTOBER 18 SATURDAY - WEEK 8'}, 'sagarin_away': {'season': 2025, 'week': 6, 'team_raw': 'Nevada', 'team_norm': 'Nevada', 'team': 'Nevada', 'pr': 52.3, 'pr_rank': 125, 'sos': 62.95, 'sos_rank': 101, 'hfa': 4.37, 'source_url': 'http://sagarin.com/sports/cfsend.htm', 'fetched_at': '2025-10-24 15:55:24.524041+00:00', 'page_stamp': 'COLLEGE FOOTBALL 2025 through results of 2025 OCTOBER 18 SATURDAY - WEEK 8'}}",20.0,17.0
